"word1","word2","relation"
1,1,0
1,2,83
1,3,161
1,4,36
1,5,6
1,6,75
1,7,98
1,8,37
1,9,19
1,10,86
1,11,81
1,12,183
1,13,106
1,14,95
1,15,95
1,16,72
1,17,11
1,18,82
1,19,2
1,20,86
1,21,62
1,22,69
1,23,141
1,24,149
1,25,167
1,26,179
1,27,94
1,28,116
1,29,815
1,30,93
1,31,4
1,32,663
1,33,56
1,34,65
1,35,92
1,36,49
1,37,249
1,38,115
1,39,5
1,40,57
1,41,1
1,42,93
1,43,91
1,44,63
1,45,48
1,46,71
1,47,58
1,48,77
1,49,7
1,50,132
1,51,168
1,52,28
1,53,48
1,54,56
1,55,20
1,56,41
1,57,139
1,58,49
1,59,93
1,60,5
1,61,53
1,62,63
1,63,78
1,64,43
1,65,61
1,66,53
1,67,58
1,68,71
1,69,40
1,70,14
1,71,57
1,72,33
1,73,51
1,74,44
1,75,2
1,76,1
1,77,4
1,78,19
1,79,39
1,80,16
1,81,20
1,82,26
1,83,0
1,84,68
1,85,55
1,86,106
1,87,2
1,88,71
1,89,14
1,90,10
1,91,4
1,92,33
1,93,30
1,94,30
1,95,51
1,96,188
1,97,65
1,98,36
1,99,51
1,100,36
2,1,83
2,2,0
2,3,272
2,4,30
2,5,5
2,6,29
2,7,31
2,8,39
2,9,79
2,10,21
2,11,79
2,12,69
2,13,128
2,14,40
2,15,73
2,16,118
2,17,10
2,18,17
2,19,3
2,20,33
2,21,20
2,22,32
2,23,46
2,24,99
2,25,12
2,26,81
2,27,3
2,28,82
2,29,8
2,30,79
2,31,3
2,32,50
2,33,27
2,34,77
2,35,74
2,36,287
2,37,22
2,38,4
2,39,11
2,40,21
2,41,4
2,42,13
2,43,76
2,44,59
2,45,18
2,46,74
2,47,16
2,48,17
2,49,2
2,50,101
2,51,44
2,52,13
2,53,0
2,54,115
2,55,20
2,56,17
2,57,4
2,58,12
2,59,2
2,60,9
2,61,15
2,62,41
2,63,4
2,64,22
2,65,51
2,66,3
2,67,28
2,68,5
2,69,9
2,70,18
2,71,49
2,72,31
2,73,0
2,74,40
2,75,7
2,76,2
2,77,13
2,78,9
2,79,56
2,80,12
2,81,14
2,82,24
2,83,0
2,84,67
2,85,9
2,86,4
2,87,1
2,88,25
2,89,8
2,90,1
2,91,0
2,92,17
2,93,1
2,94,9
2,95,76
2,96,14
2,97,43
2,98,23
2,99,33
2,100,30
3,1,161
3,2,272
3,3,0
3,4,78
3,5,9
3,6,42
3,7,68
3,8,57
3,9,79
3,10,43
3,11,185
3,12,142
3,13,88
3,14,74
3,15,72
3,16,125
3,17,11
3,18,33
3,19,5
3,20,45
3,21,42
3,22,18
3,23,145
3,24,123
3,25,23
3,26,155
3,27,11
3,28,125
3,29,11
3,30,86
3,31,7
3,32,63
3,33,21
3,34,115
3,35,125
3,36,136
3,37,24
3,38,18
3,39,10
3,40,48
3,41,4
3,42,12
3,43,120
3,44,80
3,45,134
3,46,124
3,47,21
3,48,20
3,49,4
3,50,145
3,51,119
3,52,31
3,53,9
3,54,80
3,55,27
3,56,82
3,57,16
3,58,20
3,59,4
3,60,16
3,61,15
3,62,74
3,63,0
3,64,26
3,65,79
3,66,6
3,67,27
3,68,14
3,69,16
3,70,46
3,71,81
3,72,57
3,73,1
3,74,109
3,75,5
3,76,3
3,77,12
3,78,24
3,79,69
3,80,29
3,81,14
3,82,36
3,83,6
3,84,92
3,85,39
3,86,4
3,87,2
3,88,100
3,89,12
3,90,20
3,91,1
3,92,10
3,93,9
3,94,50
3,95,50
3,96,28
3,97,70
3,98,37
3,99,71
3,100,44
4,1,36
4,2,30
4,3,78
4,4,0
4,5,3
4,6,48
4,7,103
4,8,132
4,9,44
4,10,2
4,11,56
4,12,41
4,13,36
4,14,26
4,15,60
4,16,30
4,17,32
4,18,74
4,19,1
4,20,32
4,21,14
4,22,3
4,23,42
4,24,50
4,25,6
4,26,24
4,27,6
4,28,39
4,29,1
4,30,27
4,31,2
4,32,21
4,33,3
4,34,24
4,35,71
4,36,96
4,37,2
4,38,8
4,39,11
4,40,17
4,41,1
4,42,4
4,43,36
4,44,5
4,45,43
4,46,25
4,47,15
4,48,7
4,49,1
4,50,34
4,51,17
4,52,14
4,53,2
4,54,31
4,55,67
4,56,16
4,57,2
4,58,3
4,59,0
4,60,52
4,61,1
4,62,10
4,63,1
4,64,3
4,65,20
4,66,1
4,67,11
4,68,2
4,69,4
4,70,5
4,71,22
4,72,6
4,73,1
4,74,52
4,75,4
4,76,2
4,77,41
4,78,42
4,79,32
4,80,16
4,81,45
4,82,19
4,83,25
4,84,11
4,85,42
4,86,1
4,87,0
4,88,14
4,89,84
4,90,8
4,91,3
4,92,0
4,93,2
4,94,9
4,95,11
4,96,12
4,97,10
4,98,7
4,99,21
4,100,28
5,1,6
5,2,5
5,3,9
5,4,3
5,5,0
5,6,4
5,7,1
5,8,4
5,9,2
5,10,5
5,11,15
5,12,13
5,13,7
5,14,7
5,15,1
5,16,8
5,17,129
5,18,7
5,19,165
5,20,7
5,21,7
5,22,2
5,23,6
5,24,5
5,25,2
5,26,4
5,27,1
5,28,9
5,29,2
5,30,3
5,31,163
5,32,4
5,33,0
5,34,9
5,35,6
5,36,5
5,37,2
5,38,2
5,39,146
5,40,11
5,41,122
5,42,0
5,43,5
5,44,1
5,45,5
5,46,5
5,47,9
5,48,6
5,49,153
5,50,5
5,51,6
5,52,2
5,53,0
5,54,4
5,55,3
5,56,6
5,57,0
5,58,17
5,59,1
5,60,0
5,61,2
5,62,1
5,63,0
5,64,1
5,65,5
5,66,1
5,67,1
5,68,0
5,69,0
5,70,2
5,71,5
5,72,6
5,73,0
5,74,3
5,75,79
5,76,95
5,77,1
5,78,4
5,79,6
5,80,22
5,81,0
5,82,10
5,83,0
5,84,2
5,85,0
5,86,0
5,87,65
5,88,1
5,89,0
5,90,3
5,91,72
5,92,0
5,93,0
5,94,14
5,95,11
5,96,2
5,97,2
5,98,13
5,99,3
5,100,3
6,1,75
6,2,29
6,3,42
6,4,48
6,5,4
6,6,0
6,7,40
6,8,35
6,9,51
6,10,278
6,11,38
6,12,30
6,13,59
6,14,58
6,15,8
6,16,25
6,17,2
6,18,174
6,19,3
6,20,120
6,21,43
6,22,90
6,23,20
6,24,17
6,25,65
6,26,24
6,27,45
6,28,29
6,29,56
6,30,17
6,31,4
6,32,11
6,33,127
6,34,18
6,35,10
6,36,22
6,37,45
6,38,70
6,39,2
6,40,57
6,41,0
6,42,55
6,43,13
6,44,7
6,45,18
6,46,10
6,47,62
6,48,72
6,49,2
6,50,19
6,51,13
6,52,47
6,53,247
6,54,8
6,55,28
6,56,9
6,57,74
6,58,37
6,59,67
6,60,16
6,61,69
6,62,11
6,63,92
6,64,70
6,65,9
6,66,28
6,67,43
6,68,30
6,69,119
6,70,7
6,71,6
6,72,13
6,73,38
6,74,21
6,75,1
6,76,2
6,77,20
6,78,3
6,79,5
6,80,14
6,81,3
6,82,16
6,83,15
6,84,14
6,85,103
6,86,43
6,87,0
6,88,12
6,89,6
6,90,6
6,91,3
6,92,51
6,93,213
6,94,42
6,95,5
6,96,2
6,97,12
6,98,10
6,99,10
6,100,32
7,1,98
7,2,31
7,3,68
7,4,103
7,5,1
7,6,40
7,7,0
7,8,79
7,9,74
7,10,14
7,11,47
7,12,81
7,13,31
7,14,33
7,15,88
7,16,45
7,17,3
7,18,22
7,19,2
7,20,26
7,21,20
7,22,16
7,23,32
7,24,44
7,25,17
7,26,37
7,27,8
7,28,23
7,29,7
7,30,22
7,31,1
7,32,80
7,33,16
7,34,51
7,35,39
7,36,25
7,37,8
7,38,11
7,39,2
7,40,15
7,41,1
7,42,9
7,43,31
7,44,39
7,45,79
7,46,31
7,47,11
7,48,12
7,49,1
7,50,60
7,51,14
7,52,10
7,53,10
7,54,12
7,55,213
7,56,12
7,57,2
7,58,9
7,59,3
7,60,42
7,61,9
7,62,28
7,63,3
7,64,5
7,65,30
7,66,3
7,67,17
7,68,4
7,69,12
7,70,17
7,71,31
7,72,6
7,73,5
7,74,28
7,75,2
7,76,0
7,77,34
7,78,20
7,79,14
7,80,15
7,81,9
7,82,7
7,83,195
7,84,19
7,85,33
7,86,5
7,87,0
7,88,20
7,89,11
7,90,0
7,91,1
7,92,9
7,93,3
7,94,13
7,95,12
7,96,34
7,97,10
7,98,14
7,99,9
7,100,13
8,1,37
8,2,39
8,3,57
8,4,132
8,5,4
8,6,35
8,7,79
8,8,0
8,9,65
8,10,12
8,11,33
8,12,47
8,13,23
8,14,14
8,15,87
8,16,17
8,17,7
8,18,20
8,19,1
8,20,5
8,21,16
8,22,52
8,23,16
8,24,28
8,25,34
8,26,21
8,27,6
8,28,13
8,29,16
8,30,14
8,31,1
8,32,12
8,33,3
8,34,30
8,35,9
8,36,17
8,37,35
8,38,13
8,39,1
8,40,9
8,41,2
8,42,12
8,43,14
8,44,52
8,45,4
8,46,17
8,47,21
8,48,16
8,49,1
8,50,22
8,51,12
8,52,9
8,53,7
8,54,2
8,55,55
8,56,26
8,57,13
8,58,6
8,59,7
8,60,81
8,61,5
8,62,33
8,63,1
8,64,8
8,65,13
8,66,2
8,67,12
8,68,2
8,69,8
8,70,13
8,71,11
8,72,21
8,73,3
8,74,19
8,75,0
8,76,1
8,77,33
8,78,23
8,79,27
8,80,5
8,81,34
8,82,4
8,83,9
8,84,14
8,85,25
8,86,6
8,87,1
8,88,9
8,89,74
8,90,3
8,91,1
8,92,3
8,93,2
8,94,6
8,95,12
8,96,7
8,97,31
8,98,46
8,99,37
8,100,10
9,1,19
9,2,79
9,3,79
9,4,44
9,5,2
9,6,51
9,7,74
9,8,65
9,9,0
9,10,75
9,11,29
9,12,37
9,13,32
9,14,7
9,15,21
9,16,54
9,17,5
9,18,9
9,19,1
9,20,2
9,21,5
9,22,5
9,23,29
9,24,13
9,25,13
9,26,37
9,27,1
9,28,17
9,29,1
9,30,17
9,31,4
9,32,16
9,33,1
9,34,19
9,35,8
9,36,0
9,37,4
9,38,3
9,39,0
9,40,0
9,41,1
9,42,3
9,43,18
9,44,6
9,45,8
9,46,37
9,47,20
9,48,16
9,49,0
9,50,9
9,51,10
9,52,0
9,53,1
9,54,35
9,55,25
9,56,10
9,57,2
9,58,3
9,59,1
9,60,22
9,61,1
9,62,2
9,63,0
9,64,5
9,65,19
9,66,0
9,67,5
9,68,1
9,69,3
9,70,2
9,71,9
9,72,24
9,73,1
9,74,23
9,75,1
9,76,1
9,77,27
9,78,15
9,79,37
9,80,5
9,81,16
9,82,2
9,83,46
9,84,39
9,85,17
9,86,1
9,87,2
9,88,7
9,89,26
9,90,0
9,91,1
9,92,0
9,93,1
9,94,10
9,95,9
9,96,9
9,97,9
9,98,16
9,99,4
9,100,8
10,1,86
10,2,21
10,3,43
10,4,2
10,5,5
10,6,278
10,7,14
10,8,12
10,9,75
10,10,0
10,11,17
10,12,20
10,13,44
10,14,47
10,15,3
10,16,26
10,17,1
10,18,33
10,19,0
10,20,39
10,21,26
10,22,121
10,23,12
10,24,10
10,25,99
10,26,20
10,27,51
10,28,12
10,29,72
10,30,15
10,31,2
10,32,8
10,33,86
10,34,9
10,35,1
10,36,3
10,37,48
10,38,72
10,39,0
10,40,26
10,41,0
10,42,45
10,43,0
10,44,3
10,45,6
10,46,7
10,47,33
10,48,58
10,49,0
10,50,4
10,51,3
10,52,20
10,53,72
10,54,9
10,55,4
10,56,5
10,57,87
10,58,10
10,59,78
10,60,2
10,61,59
10,62,1
10,63,52
10,64,156
10,65,6
10,66,22
10,67,17
10,68,26
10,69,106
10,70,5
10,71,6
10,72,11
10,73,42
10,74,13
10,75,0
10,76,2
10,77,4
10,78,2
10,79,16
10,80,3
10,81,3
10,82,2
10,83,0
10,84,20
10,85,2
10,86,58
10,87,0
10,88,3
10,89,1
10,90,2
10,91,0
10,92,23
10,93,50
10,94,39
10,95,3
10,96,5
10,97,2
10,98,13
10,99,2
10,100,15
11,1,81
11,2,79
11,3,185
11,4,56
11,5,15
11,6,38
11,7,47
11,8,33
11,9,29
11,10,17
11,11,0
11,12,74
11,13,41
11,14,68
11,15,37
11,16,98
11,17,11
11,18,28
11,19,3
11,20,40
11,21,31
11,22,24
11,23,102
11,24,53
11,25,33
11,26,70
11,27,7
11,28,122
11,29,12
11,30,48
11,31,16
11,32,34
11,33,12
11,34,63
11,35,57
11,36,43
11,37,16
11,38,6
11,39,7
11,40,40
11,41,3
11,42,13
11,43,53
11,44,31
11,45,74
11,46,43
11,47,20
11,48,22
11,49,2
11,50,81
11,51,42
11,52,54
11,53,5
11,54,29
11,55,20
11,56,19
11,57,13
11,58,9
11,59,2
11,60,3
11,61,8
11,62,25
11,63,5
11,64,9
11,65,40
11,66,5
11,67,13
11,68,12
11,69,2
11,70,19
11,71,51
11,72,20
11,73,1
11,74,55
11,75,6
11,76,2
11,77,8
11,78,16
11,79,32
11,80,17
11,81,17
11,82,22
11,83,1
11,84,33
11,85,6
11,86,5
11,87,0
11,88,29
11,89,2
11,90,23
11,91,7
11,92,5
11,93,6
11,94,16
11,95,26
11,96,10
11,97,31
11,98,31
11,99,23
11,100,20
12,1,183
12,2,69
12,3,142
12,4,41
12,5,13
12,6,30
12,7,81
12,8,47
12,9,37
12,10,20
12,11,74
12,12,0
12,13,46
12,14,43
12,15,103
12,16,74
12,17,6
12,18,25
12,19,1
12,20,35
12,21,29
12,22,13
12,23,77
12,24,113
12,25,23
12,26,109
12,27,12
12,28,55
12,29,9
12,30,97
12,31,4
12,32,141
12,33,24
12,34,66
12,35,65
12,36,25
12,37,17
12,38,19
12,39,4
12,40,18
12,41,0
12,42,22
12,43,64
12,44,48
12,45,75
12,46,123
12,47,13
12,48,12
12,49,3
12,50,111
12,51,102
12,52,14
12,53,14
12,54,25
12,55,15
12,56,68
12,57,1
12,58,7
12,59,2
12,60,13
12,61,8
12,62,56
12,63,9
12,64,13
12,65,55
12,66,2
12,67,23
12,68,11
12,69,10
12,70,20
12,71,37
12,72,29
12,73,10
12,74,83
12,75,3
12,76,1
12,77,9
12,78,16
12,79,23
12,80,12
12,81,21
12,82,22
12,83,7
12,84,59
12,85,21
12,86,7
12,87,0
12,88,105
12,89,7
12,90,86
12,91,3
12,92,12
12,93,7
12,94,16
12,95,38
12,96,68
12,97,38
12,98,32
12,99,32
12,100,30
13,1,106
13,2,128
13,3,88
13,4,36
13,5,7
13,6,59
13,7,31
13,8,23
13,9,32
13,10,44
13,11,41
13,12,46
13,13,0
13,14,81
13,15,17
13,16,43
13,17,15
13,18,55
13,19,4
13,20,102
13,21,31
13,22,43
13,23,35
13,24,31
13,25,31
13,26,33
13,27,108
13,28,60
13,29,43
13,30,40
13,31,2
13,32,21
13,33,36
13,34,43
13,35,79
13,36,76
13,37,42
13,38,25
13,39,4
13,40,103
13,41,2
13,42,34
13,43,57
13,44,26
13,45,32
13,46,103
13,47,30
13,48,52
13,49,4
13,50,53
13,51,25
13,52,35
13,53,16
13,54,130
13,55,35
13,56,12
13,57,14
13,58,413
13,59,21
13,60,2
13,61,25
13,62,10
13,63,29
13,64,17
13,65,19
13,66,36
13,67,14
13,68,45
13,69,15
13,70,8
13,71,25
13,72,17
13,73,52
13,74,26
13,75,4
13,76,5
13,77,1
13,78,12
13,79,51
13,80,7
13,81,4
13,82,21
13,83,0
13,84,35
13,85,1
13,86,26
13,87,1
13,88,17
13,89,4
13,90,3
13,91,1
13,92,22
13,93,23
13,94,8
13,95,22
13,96,13
13,97,37
13,98,17
13,99,15
13,100,20
14,1,95
14,2,40
14,3,74
14,4,26
14,5,7
14,6,58
14,7,33
14,8,14
14,9,7
14,10,47
14,11,68
14,12,43
14,13,81
14,14,0
14,15,15
14,16,47
14,17,8
14,18,64
14,19,1
14,20,97
14,21,242
14,22,66
14,23,71
14,24,26
14,25,49
14,26,32
14,27,60
14,28,65
14,29,39
14,30,30
14,31,4
14,32,31
14,33,43
14,34,62
14,35,44
14,36,23
14,37,33
14,38,35
14,39,6
14,40,107
14,41,2
14,42,32
14,43,32
14,44,16
14,45,53
14,46,29
14,47,51
14,48,51
14,49,10
14,50,31
14,51,31
14,52,69
14,53,23
14,54,37
14,55,11
14,56,18
14,57,37
14,58,59
14,59,16
14,60,5
14,61,23
14,62,11
14,63,25
14,64,15
14,65,47
14,66,21
14,67,20
14,68,29
14,69,19
14,70,18
14,71,220
14,72,22
14,73,36
14,74,32
14,75,2
14,76,2
14,77,0
14,78,12
14,79,20
14,80,8
14,81,4
14,82,26
14,83,0
14,84,19
14,85,5
14,86,20
14,87,0
14,88,22
14,89,4
14,90,5
14,91,2
14,92,21
14,93,18
14,94,38
14,95,23
14,96,21
14,97,23
14,98,12
14,99,11
14,100,32
15,1,95
15,2,73
15,3,72
15,4,60
15,5,1
15,6,8
15,7,88
15,8,87
15,9,21
15,10,3
15,11,37
15,12,103
15,13,17
15,14,15
15,15,0
15,16,33
15,17,5
15,18,13
15,19,0
15,20,6
15,21,1
15,22,6
15,23,35
15,24,396
15,25,9
15,26,62
15,27,1
15,28,36
15,29,3
15,30,47
15,31,0
15,32,85
15,33,6
15,34,25
15,35,28
15,36,27
15,37,12
15,38,17
15,39,2
15,40,8
15,41,0
15,42,22
15,43,24
15,44,34
15,45,19
15,46,30
15,47,14
15,48,7
15,49,1
15,50,52
15,51,44
15,52,2
15,53,3
15,54,11
15,55,26
15,56,31
15,57,8
15,58,0
15,59,1
15,60,52
15,61,0
15,62,34
15,63,2
15,64,2
15,65,20
15,66,3
15,67,23
15,68,9
15,69,9
15,70,12
15,71,24
15,72,9
15,73,0
15,74,20
15,75,1
15,76,1
15,77,18
15,78,17
15,79,8
15,80,8
15,81,19
15,82,4
15,83,19
15,84,81
15,85,24
15,86,2
15,87,1
15,88,62
15,89,10
15,90,38
15,91,1
15,92,5
15,93,0
15,94,3
15,95,29
15,96,30
15,97,15
15,98,9
15,99,12
15,100,42
16,1,72
16,2,118
16,3,125
16,4,30
16,5,8
16,6,25
16,7,45
16,8,17
16,9,54
16,10,26
16,11,98
16,12,74
16,13,43
16,14,47
16,15,33
16,16,0
16,17,5
16,18,35
16,19,3
16,20,46
16,21,36
16,22,11
16,23,67
16,24,52
16,25,17
16,26,69
16,27,2
16,28,57
16,29,0
16,30,64
16,31,1
16,32,55
16,33,5
16,34,77
16,35,63
16,36,50
16,37,15
16,38,5
16,39,11
16,40,22
16,41,2
16,42,20
16,43,69
16,44,35
16,45,44
16,46,72
16,47,23
16,48,16
16,49,5
16,50,57
16,51,46
16,52,14
16,53,3
16,54,36
16,55,19
16,56,20
16,57,6
16,58,11
16,59,0
16,60,0
16,61,0
16,62,15
16,63,1
16,64,11
16,65,41
16,66,0
16,67,18
16,68,4
16,69,5
16,70,66
16,71,54
16,72,27
16,73,0
16,74,48
16,75,1
16,76,0
16,77,6
16,78,52
16,79,59
16,80,18
16,81,8
16,82,22
16,83,0
16,84,49
16,85,3
16,86,6
16,87,2
16,88,34
16,89,2
16,90,3
16,91,1
16,92,3
16,93,3
16,94,19
16,95,30
16,96,16
16,97,38
16,98,15
16,99,26
16,100,18
17,1,11
17,2,10
17,3,11
17,4,32
17,5,129
17,6,2
17,7,3
17,8,7
17,9,5
17,10,1
17,11,11
17,12,6
17,13,15
17,14,8
17,15,5
17,16,5
17,17,0
17,18,8
17,19,51
17,20,13
17,21,1
17,22,2
17,23,14
17,24,7
17,25,4
17,26,6
17,27,8
17,28,13
17,29,1
17,30,9
17,31,453
17,32,9
17,33,4
17,34,11
17,35,29
17,36,13
17,37,2
17,38,0
17,39,77
17,40,12
17,41,56
17,42,4
17,43,12
17,44,1
17,45,3
17,46,11
17,47,9
17,48,4
17,49,42
17,50,6
17,51,15
17,52,3
17,53,1
17,54,14
17,55,6
17,56,2
17,57,2
17,58,7
17,59,0
17,60,1
17,61,2
17,62,2
17,63,1
17,64,2
17,65,2
17,66,3
17,67,2
17,68,2
17,69,1
17,70,2
17,71,10
17,72,3
17,73,0
17,74,0
17,75,51
17,76,23
17,77,4
17,78,3
17,79,11
17,80,8
17,81,2
17,82,2
17,83,0
17,84,3
17,85,2
17,86,1
17,87,10
17,88,3
17,89,12
17,90,2
17,91,29
17,92,0
17,93,1
17,94,2
17,95,11
17,96,6
17,97,6
17,98,7
17,99,1
17,100,6
18,1,82
18,2,17
18,3,33
18,4,74
18,5,7
18,6,174
18,7,22
18,8,20
18,9,9
18,10,33
18,11,28
18,12,25
18,13,55
18,14,64
18,15,13
18,16,35
18,17,8
18,18,0
18,19,7
18,20,205
18,21,59
18,22,66
18,23,17
18,24,12
18,25,38
18,26,33
18,27,42
18,28,27
18,29,52
18,30,10
18,31,6
18,32,20
18,33,65
18,34,22
18,35,20
18,36,17
18,37,37
18,38,24
18,39,2
18,40,61
18,41,3
18,42,54
18,43,14
18,44,4
18,45,23
18,46,23
18,47,71
18,48,74
18,49,8
18,50,13
18,51,18
18,52,43
18,53,31
18,54,9
18,55,21
18,56,10
18,57,33
18,58,41
18,59,23
18,60,3
18,61,21
18,62,7
18,63,46
18,64,16
18,65,11
18,66,28
18,67,25
18,68,44
18,69,53
18,70,55
18,71,8
18,72,10
18,73,36
18,74,12
18,75,6
18,76,5
18,77,17
18,78,8
18,79,3
18,80,6
18,81,9
18,82,16
18,83,4
18,84,8
18,85,6
18,86,23
18,87,3
18,88,16
18,89,0
18,90,10
18,91,8
18,92,42
18,93,155
18,94,27
18,95,3
18,96,8
18,97,11
18,98,9
18,99,6
18,100,24
19,1,2
19,2,3
19,3,5
19,4,1
19,5,165
19,6,3
19,7,2
19,8,1
19,9,1
19,10,0
19,11,3
19,12,1
19,13,4
19,14,1
19,15,0
19,16,3
19,17,51
19,18,7
19,19,0
19,20,2
19,21,7
19,22,0
19,23,1
19,24,3
19,25,2
19,26,2
19,27,1
19,28,7
19,29,4
19,30,1
19,31,73
19,32,1
19,33,0
19,34,4
19,35,2
19,36,0
19,37,1
19,38,1
19,39,51
19,40,3
19,41,90
19,42,1
19,43,0
19,44,0
19,45,1
19,46,1
19,47,12
19,48,6
19,49,67
19,50,3
19,51,1
19,52,1
19,53,0
19,54,0
19,55,0
19,56,0
19,57,0
19,58,14
19,59,1
19,60,1
19,61,0
19,62,1
19,63,0
19,64,0
19,65,1
19,66,5
19,67,0
19,68,3
19,69,0
19,70,1
19,71,0
19,72,1
19,73,1
19,74,1
19,75,59
19,76,64
19,77,0
19,78,0
19,79,3
19,80,15
19,81,0
19,82,8
19,83,0
19,84,0
19,85,0
19,86,0
19,87,79
19,88,1
19,89,0
19,90,2
19,91,59
19,92,0
19,93,0
19,94,6
19,95,6
19,96,0
19,97,2
19,98,12
19,99,1
19,100,0
20,1,86
20,2,33
20,3,45
20,4,32
20,5,7
20,6,120
20,7,26
20,8,5
20,9,2
20,10,39
20,11,40
20,12,35
20,13,102
20,14,97
20,15,6
20,16,46
20,17,13
20,18,205
20,19,2
20,20,0
20,21,70
20,22,77
20,23,20
20,24,27
20,25,40
20,26,27
20,27,108
20,28,25
20,29,42
20,30,21
20,31,6
20,32,20
20,33,59
20,34,33
20,35,34
20,36,28
20,37,36
20,38,41
20,39,6
20,40,94
20,41,3
20,42,88
20,43,34
20,44,9
20,45,36
20,46,28
20,47,50
20,48,59
20,49,7
20,50,30
20,51,12
20,52,58
20,53,38
20,54,20
20,55,23
20,56,11
20,57,26
20,58,82
20,59,32
20,60,5
20,61,25
20,62,2
20,63,44
20,64,16
20,65,26
20,66,48
20,67,20
20,68,64
20,69,37
20,70,57
20,71,22
20,72,9
20,73,50
20,74,28
20,75,4
20,76,2
20,77,3
20,78,14
20,79,14
20,80,9
20,81,12
20,82,19
20,83,3
20,84,14
20,85,2
20,86,29
20,87,4
20,88,5
20,89,0
20,90,13
20,91,5
20,92,31
20,93,24
20,94,15
20,95,8
20,96,9
20,97,17
20,98,6
20,99,8
20,100,37
21,1,62
21,2,20
21,3,42
21,4,14
21,5,7
21,6,43
21,7,20
21,8,16
21,9,5
21,10,26
21,11,31
21,12,29
21,13,31
21,14,242
21,15,1
21,16,36
21,17,1
21,18,59
21,19,7
21,20,70
21,21,0
21,22,66
21,23,27
21,24,16
21,25,55
21,26,82
21,27,40
21,28,23
21,29,30
21,30,18
21,31,3
21,32,6
21,33,39
21,34,15
21,35,9
21,36,13
21,37,31
21,38,30
21,39,1
21,40,48
21,41,6
21,42,23
21,43,9
21,44,7
21,45,37
21,46,16
21,47,37
21,48,42
21,49,11
21,50,13
21,51,6
21,52,52
21,53,15
21,54,7
21,55,7
21,56,10
21,57,24
21,58,30
21,59,15
21,60,2
21,61,15
21,62,6
21,63,14
21,64,22
21,65,9
21,66,33
21,67,5
21,68,14
21,69,21
21,70,29
21,71,19
21,72,25
21,73,17
21,74,30
21,75,4
21,76,5
21,77,8
21,78,2
21,79,13
21,80,10
21,81,1
21,82,33
21,83,0
21,84,13
21,85,0
21,86,18
21,87,1
21,88,1
21,89,0
21,90,4
21,91,2
21,92,13
21,93,13
21,94,39
21,95,8
21,96,2
21,97,12
21,98,8
21,99,8
21,100,16
22,1,69
22,2,32
22,3,18
22,4,3
22,5,2
22,6,90
22,7,16
22,8,52
22,9,5
22,10,121
22,11,24
22,12,13
22,13,43
22,14,66
22,15,6
22,16,11
22,17,2
22,18,66
22,19,0
22,20,77
22,21,66
22,22,0
22,23,5
22,24,9
22,25,56
22,26,13
22,27,29
22,28,5
22,29,60
22,30,11
22,31,2
22,32,6
22,33,66
22,34,18
22,35,6
22,36,12
22,37,34
22,38,85
22,39,0
22,40,38
22,41,2
22,42,49
22,43,2
22,44,2
22,45,10
22,46,16
22,47,35
22,48,34
22,49,3
22,50,6
22,51,5
22,52,35
22,53,49
22,54,2
22,55,6
22,56,14
22,57,46
22,58,24
22,59,78
22,60,5
22,61,39
22,62,3
22,63,66
22,64,46
22,65,4
22,66,30
22,67,19
22,68,21
22,69,74
22,70,24
22,71,8
22,72,10
22,73,46
22,74,9
22,75,1
22,76,1
22,77,2
22,78,0
22,79,12
22,80,9
22,81,2
22,82,7
22,83,5
22,84,4
22,85,2
22,86,46
22,87,0
22,88,10
22,89,0
22,90,5
22,91,3
22,92,13
22,93,49
22,94,23
22,95,3
22,96,2
22,97,1
22,98,20
22,99,2
22,100,17
23,1,141
23,2,46
23,3,145
23,4,42
23,5,6
23,6,20
23,7,32
23,8,16
23,9,29
23,10,12
23,11,102
23,12,77
23,13,35
23,14,71
23,15,35
23,16,67
23,17,14
23,18,17
23,19,1
23,20,20
23,21,27
23,22,5
23,23,0
23,24,57
23,25,9
23,26,52
23,27,10
23,28,220
23,29,3
23,30,57
23,31,7
23,32,65
23,33,5
23,34,65
23,35,162
23,36,16
23,37,10
23,38,4
23,39,5
23,40,32
23,41,0
23,42,8
23,43,114
23,44,25
23,45,57
23,46,62
23,47,9
23,48,9
23,49,2
23,50,89
23,51,77
23,52,21
23,53,2
23,54,56
23,55,11
23,56,24
23,57,1
23,58,6
23,59,2
23,60,0
23,61,1
23,62,39
23,63,1
23,64,3
23,65,54
23,66,3
23,67,15
23,68,5
23,69,4
23,70,13
23,71,55
23,72,99
23,73,0
23,74,45
23,75,4
23,76,1
23,77,9
23,78,21
23,79,46
23,80,6
23,81,8
23,82,47
23,83,0
23,84,44
23,85,4
23,86,2
23,87,1
23,88,49
23,89,4
23,90,6
23,91,4
23,92,4
23,93,4
23,94,12
23,95,91
23,96,29
23,97,47
23,98,16
23,99,28
23,100,23
24,1,149
24,2,99
24,3,123
24,4,50
24,5,5
24,6,17
24,7,44
24,8,28
24,9,13
24,10,10
24,11,53
24,12,113
24,13,31
24,14,26
24,15,396
24,16,52
24,17,7
24,18,12
24,19,3
24,20,27
24,21,16
24,22,9
24,23,57
24,24,0
24,25,11
24,26,90
24,27,6
24,28,56
24,29,10
24,30,66
24,31,2
24,32,125
24,33,17
24,34,38
24,35,39
24,36,56
24,37,15
24,38,19
24,39,3
24,40,14
24,41,3
24,42,26
24,43,34
24,44,49
24,45,22
24,46,38
24,47,18
24,48,8
24,49,4
24,50,76
24,51,58
24,52,7
24,53,12
24,54,26
24,55,9
24,56,29
24,57,6
24,58,7
24,59,12
24,60,11
24,61,11
24,62,38
24,63,32
24,64,4
24,65,29
24,66,9
24,67,24
24,68,18
24,69,12
24,70,15
24,71,33
24,72,19
24,73,5
24,74,36
24,75,2
24,76,1
24,77,1
24,78,8
24,79,21
24,80,12
24,81,24
24,82,15
24,83,1
24,84,70
24,85,95
24,86,1
24,87,3
24,88,33
24,89,3
24,90,4
24,91,2
24,92,7
24,93,4
24,94,8
24,95,39
24,96,51
24,97,21
24,98,14
24,99,20
24,100,27
25,1,167
25,2,12
25,3,23
25,4,6
25,5,2
25,6,65
25,7,17
25,8,34
25,9,13
25,10,99
25,11,33
25,12,23
25,13,31
25,14,49
25,15,9
25,16,17
25,17,4
25,18,38
25,19,2
25,20,40
25,21,55
25,22,56
25,23,9
25,24,11
25,25,0
25,26,15
25,27,47
25,28,15
25,29,159
25,30,23
25,31,3
25,32,4
25,33,51
25,34,18
25,35,5
25,36,6
25,37,156
25,38,58
25,39,1
25,40,31
25,41,2
25,42,57
25,43,2
25,44,29
25,45,3
25,46,15
25,47,30
25,48,32
25,49,10
25,50,18
25,51,5
25,52,22
25,53,27
25,54,1
25,55,3
25,56,6
25,57,182
25,58,17
25,59,44
25,60,3
25,61,24
25,62,7
25,63,40
25,64,23
25,65,6
25,66,16
25,67,20
25,68,23
25,69,26
25,70,7
25,71,16
25,72,20
25,73,23
25,74,6
25,75,0
25,76,1
25,77,1
25,78,3
25,79,6
25,80,10
25,81,1
25,82,10
25,83,3
25,84,8
25,85,2
25,86,121
25,87,0
25,88,6
25,89,1
25,90,1
25,91,0
25,92,15
25,93,16
25,94,34
25,95,6
25,96,4
25,97,12
25,98,25
25,99,2
25,100,14
26,1,179
26,2,81
26,3,155
26,4,24
26,5,4
26,6,24
26,7,37
26,8,21
26,9,37
26,10,20
26,11,70
26,12,109
26,13,33
26,14,32
26,15,62
26,16,69
26,17,6
26,18,33
26,19,2
26,20,27
26,21,82
26,22,13
26,23,52
26,24,90
26,25,15
26,26,0
26,27,6
26,28,67
26,29,7
26,30,40
26,31,4
26,32,159
26,33,11
26,34,36
26,35,42
26,36,37
26,37,12
26,38,4
26,39,6
26,40,13
26,41,1
26,42,20
26,43,38
26,44,38
26,45,33
26,46,49
26,47,10
26,48,6
26,49,4
26,50,76
26,51,215
26,52,6
26,53,4
26,54,27
26,55,9
26,56,10
26,57,3
26,58,7
26,59,2
26,60,8
26,61,1
26,62,52
26,63,4
26,64,7
26,65,29
26,66,3
26,67,19
26,68,19
26,69,1
26,70,27
26,71,32
26,72,23
26,73,1
26,74,57
26,75,2
26,76,1
26,77,10
26,78,9
26,79,20
26,80,13
26,81,35
26,82,15
26,83,0
26,84,39
26,85,26
26,86,9
26,87,1
26,88,46
26,89,9
26,90,5
26,91,2
26,92,1
26,93,9
26,94,14
26,95,25
26,96,115
26,97,31
26,98,22
26,99,22
26,100,19
27,1,94
27,2,3
27,3,11
27,4,6
27,5,1
27,6,45
27,7,8
27,8,6
27,9,1
27,10,51
27,11,7
27,12,12
27,13,108
27,14,60
27,15,1
27,16,2
27,17,8
27,18,42
27,19,1
27,20,108
27,21,40
27,22,29
27,23,10
27,24,6
27,25,47
27,26,6
27,27,0
27,28,19
27,29,72
27,30,7
27,31,0
27,32,5
27,33,32
27,34,4
27,35,8
27,36,8
27,37,55
27,38,32
27,39,0
27,40,88
27,41,1
27,42,36
27,43,7
27,44,6
27,45,12
27,46,6
27,47,23
27,48,81
27,49,4
27,50,3
27,51,5
27,52,22
27,53,31
27,54,5
27,55,46
27,56,1
27,57,21
27,58,98
27,59,32
27,60,1
27,61,17
27,62,4
27,63,34
27,64,7
27,65,3
27,66,42
27,67,14
27,68,130
27,69,14
27,70,8
27,71,5
27,72,2
27,73,122
27,74,1
27,75,0
27,76,1
27,77,0
27,78,0
27,79,3
27,80,1
27,81,18
27,82,9
27,83,0
27,84,5
27,85,2
27,86,51
27,87,0
27,88,2
27,89,14
27,90,0
27,91,0
27,92,27
27,93,24
27,94,6
27,95,2
27,96,5
27,97,8
27,98,1
27,99,8
27,100,12
28,1,116
28,2,82
28,3,125
28,4,39
28,5,9
28,6,29
28,7,23
28,8,13
28,9,17
28,10,12
28,11,122
28,12,55
28,13,60
28,14,65
28,15,36
28,16,57
28,17,13
28,18,27
28,19,7
28,20,25
28,21,23
28,22,5
28,23,220
28,24,56
28,25,15
28,26,67
28,27,19
28,28,0
28,29,13
28,30,57
28,31,8
28,32,57
28,33,16
28,34,50
28,35,117
28,36,35
28,37,13
28,38,6
28,39,6
28,40,45
28,41,5
28,42,8
28,43,86
28,44,23
28,45,45
28,46,46
28,47,9
28,48,12
28,49,4
28,50,71
28,51,54
28,52,28
28,53,5
28,54,71
28,55,10
28,56,14
28,57,6
28,58,14
28,59,3
28,60,3
28,61,3
28,62,29
28,63,8
28,64,4
28,65,40
28,66,10
28,67,15
28,68,12
28,69,4
28,70,9
28,71,33
28,72,39
28,73,4
28,74,37
28,75,8
28,76,3
28,77,2
28,78,13
28,79,36
28,80,5
28,81,24
28,82,31
28,83,0
28,84,33
28,85,6
28,86,3
28,87,0
28,88,38
28,89,4
28,90,4
28,91,6
28,92,7
28,93,8
28,94,18
28,95,25
28,96,31
28,97,29
28,98,15
28,99,26
28,100,19
29,1,815
29,2,8
29,3,11
29,4,1
29,5,2
29,6,56
29,7,7
29,8,16
29,9,1
29,10,72
29,11,12
29,12,9
29,13,43
29,14,39
29,15,3
29,16,0
29,17,1
29,18,52
29,19,4
29,20,42
29,21,30
29,22,60
29,23,3
29,24,10
29,25,159
29,26,7
29,27,72
29,28,13
29,29,0
29,30,12
29,31,2
29,32,2
29,33,45
29,34,7
29,35,1
29,36,9
29,37,236
29,38,106
29,39,0
29,40,14
29,41,2
29,42,76
29,43,1
29,44,12
29,45,4
29,46,3
29,47,35
29,48,50
29,49,4
29,50,4
29,51,0
29,52,16
29,53,34
29,54,1
29,55,2
29,56,1
29,57,133
29,58,30
29,59,87
29,60,0
29,61,43
29,62,4
29,63,67
29,64,30
29,65,3
29,66,36
29,67,28
29,68,52
29,69,33
29,70,2
29,71,3
29,72,10
29,73,45
29,74,3
29,75,1
29,76,0
29,77,0
29,78,0
29,79,2
29,80,4
29,81,1
29,82,6
29,83,0
29,84,6
29,85,1
29,86,105
29,87,0
29,88,5
29,89,0
29,90,0
29,91,2
29,92,22
29,93,17
29,94,15
29,95,1
29,96,1
29,97,7
29,98,14
29,99,4
29,100,10
30,1,93
30,2,79
30,3,86
30,4,27
30,5,3
30,6,17
30,7,22
30,8,14
30,9,17
30,10,15
30,11,48
30,12,97
30,13,40
30,14,30
30,15,47
30,16,64
30,17,9
30,18,10
30,19,1
30,20,21
30,21,18
30,22,11
30,23,57
30,24,66
30,25,23
30,26,40
30,27,7
30,28,57
30,29,12
30,30,0
30,31,1
30,32,50
30,33,4
30,34,46
30,35,73
30,36,30
30,37,17
30,38,5
30,39,4
30,40,18
30,41,3
30,42,9
30,43,49
30,44,30
30,45,19
30,46,32
30,47,8
30,48,7
30,49,7
30,50,46
30,51,30
30,52,22
30,53,5
30,54,45
30,55,11
30,56,8
30,57,13
30,58,5
30,59,0
30,60,2
30,61,12
30,62,12
30,63,1
30,64,7
30,65,22
30,66,0
30,67,5
30,68,1
30,69,2
30,70,13
30,71,30
30,72,40
30,73,0
30,74,37
30,75,5
30,76,2
30,77,2
30,78,16
30,79,50
30,80,7
30,81,7
30,82,37
30,83,0
30,84,43
30,85,15
30,86,5
30,87,3
30,88,21
30,89,3
30,90,0
30,91,7
30,92,5
30,93,0
30,94,5
30,95,115
30,96,16
30,97,27
30,98,13
30,99,22
30,100,21
31,1,4
31,2,3
31,3,7
31,4,2
31,5,163
31,6,4
31,7,1
31,8,1
31,9,4
31,10,2
31,11,16
31,12,4
31,13,2
31,14,4
31,15,0
31,16,1
31,17,453
31,18,6
31,19,73
31,20,6
31,21,3
31,22,2
31,23,7
31,24,2
31,25,3
31,26,4
31,27,0
31,28,8
31,29,2
31,30,1
31,31,0
31,32,3
31,33,1
31,34,6
31,35,7
31,36,3
31,37,2
31,38,0
31,39,81
31,40,27
31,41,72
31,42,0
31,43,4
31,44,3
31,45,3
31,46,5
31,47,15
31,48,4
31,49,61
31,50,5
31,51,5
31,52,3
31,53,0
31,54,2
31,55,3
31,56,0
31,57,0
31,58,5
31,59,0
31,60,0
31,61,0
31,62,0
31,63,0
31,64,0
31,65,1
31,66,2
31,67,1
31,68,0
31,69,0
31,70,0
31,71,2
31,72,3
31,73,0
31,74,3
31,75,59
31,76,35
31,77,0
31,78,0
31,79,5
31,80,12
31,81,0
31,82,6
31,83,0
31,84,3
31,85,0
31,86,1
31,87,26
31,88,2
31,89,0
31,90,2
31,91,48
31,92,0
31,93,0
31,94,7
31,95,6
31,96,1
31,97,3
31,98,8
31,99,1
31,100,0
32,1,663
32,2,50
32,3,63
32,4,21
32,5,4
32,6,11
32,7,80
32,8,12
32,9,16
32,10,8
32,11,34
32,12,141
32,13,21
32,14,31
32,15,85
32,16,55
32,17,9
32,18,20
32,19,1
32,20,20
32,21,6
32,22,6
32,23,65
32,24,125
32,25,4
32,26,159
32,27,5
32,28,57
32,29,2
32,30,50
32,31,3
32,32,0
32,33,7
32,34,42
32,35,50
32,36,25
32,37,6
32,38,6
32,39,5
32,40,11
32,41,0
32,42,6
32,43,56
32,44,36
32,45,23
32,46,47
32,47,12
32,48,14
32,49,2
32,50,93
32,51,143
32,52,1
32,53,9
32,54,21
32,55,11
32,56,18
32,57,1
32,58,3
32,59,0
32,60,3
32,61,2
32,62,43
32,63,3
32,64,7
32,65,32
32,66,7
32,67,24
32,68,10
32,69,3
32,70,9
32,71,37
32,72,12
32,73,2
32,74,23
32,75,3
32,76,0
32,77,3
32,78,11
32,79,14
32,80,7
32,81,16
32,82,4
32,83,8
32,84,47
32,85,57
32,86,0
32,87,1
32,88,51
32,89,3
32,90,2
32,91,0
32,92,8
32,93,13
32,94,2
32,95,23
32,96,185
32,97,34
32,98,14
32,99,27
32,100,15
33,1,56
33,2,27
33,3,21
33,4,3
33,5,0
33,6,127
33,7,16
33,8,3
33,9,1
33,10,86
33,11,12
33,12,24
33,13,36
33,14,43
33,15,6
33,16,5
33,17,4
33,18,65
33,19,0
33,20,59
33,21,39
33,22,66
33,23,5
33,24,17
33,25,51
33,26,11
33,27,32
33,28,16
33,29,45
33,30,4
33,31,1
33,32,7
33,33,0
33,34,6
33,35,5
33,36,14
33,37,29
33,38,79
33,39,0
33,40,38
33,41,0
33,42,58
33,43,5
33,44,2
33,45,22
33,46,4
33,47,13
33,48,35
33,49,2
33,50,3
33,51,7
33,52,18
33,53,48
33,54,0
33,55,4
33,56,1
33,57,32
33,58,32
33,59,80
33,60,0
33,61,96
33,62,10
33,63,125
33,64,25
33,65,6
33,66,27
33,67,49
33,68,61
33,69,133
33,70,4
33,71,11
33,72,2
33,73,24
33,74,8
33,75,0
33,76,1
33,77,12
33,78,3
33,79,0
33,80,3
33,81,3
33,82,8
33,83,0
33,84,4
33,85,3
33,86,46
33,87,0
33,88,6
33,89,0
33,90,1
33,91,1
33,92,25
33,93,101
33,94,11
33,95,1
33,96,3
33,97,10
33,98,7
33,99,1
33,100,16
34,1,65
34,2,77
34,3,115
34,4,24
34,5,9
34,6,18
34,7,51
34,8,30
34,9,19
34,10,9
34,11,63
34,12,66
34,13,43
34,14,62
34,15,25
34,16,77
34,17,11
34,18,22
34,19,4
34,20,33
34,21,15
34,22,18
34,23,65
34,24,38
34,25,18
34,26,36
34,27,4
34,28,50
34,29,7
34,30,46
34,31,6
34,32,42
34,33,6
34,34,0
34,35,52
34,36,32
34,37,15
34,38,1
34,39,9
34,40,26
34,41,3
34,42,2
34,43,46
34,44,174
34,45,33
34,46,33
34,47,12
34,48,11
34,49,5
34,50,46
34,51,44
34,52,14
34,53,3
34,54,26
34,55,9
34,56,21
34,57,5
34,58,11
34,59,1
34,60,3
34,61,3
34,62,45
34,63,1
34,64,1
34,65,79
34,66,4
34,67,15
34,68,6
34,69,4
34,70,22
34,71,71
34,72,45
34,73,3
34,74,35
34,75,2
34,76,3
34,77,7
34,78,25
34,79,20
34,80,9
34,81,10
34,82,30
34,83,0
34,84,29
34,85,5
34,86,2
34,87,0
34,88,104
34,89,8
34,90,4
34,91,6
34,92,5
34,93,10
34,94,9
34,95,24
34,96,24
34,97,29
34,98,25
34,99,25
34,100,38
35,1,92
35,2,74
35,3,125
35,4,71
35,5,6
35,6,10
35,7,39
35,8,9
35,9,8
35,10,1
35,11,57
35,12,65
35,13,79
35,14,44
35,15,28
35,16,63
35,17,29
35,18,20
35,19,2
35,20,34
35,21,9
35,22,6
35,23,162
35,24,39
35,25,5
35,26,42
35,27,8
35,28,117
35,29,1
35,30,73
35,31,7
35,32,50
35,33,5
35,34,52
35,35,0
35,36,59
35,37,4
35,38,0
35,39,13
35,40,39
35,41,3
35,42,7
35,43,72
35,44,10
35,45,48
35,46,63
35,47,11
35,48,7
35,49,3
35,50,47
35,51,56
35,52,24
35,53,2
35,54,108
35,55,20
35,56,40
35,57,2
35,58,9
35,59,2
35,60,4
35,61,0
35,62,25
35,63,1
35,64,2
35,65,44
35,66,2
35,67,11
35,68,6
35,69,6
35,70,12
35,71,42
35,72,13
35,73,5
35,74,31
35,75,3
35,76,0
35,77,6
35,78,20
35,79,47
35,80,5
35,81,10
35,82,18
35,83,1
35,84,39
35,85,4
35,86,1
35,87,1
35,88,48
35,89,6
35,90,6
35,91,4
35,92,5
35,93,5
35,94,8
35,95,37
35,96,22
35,97,31
35,98,9
35,99,65
35,100,35
36,1,49
36,2,287
36,3,136
36,4,96
36,5,5
36,6,22
36,7,25
36,8,17
36,9,0
36,10,3
36,11,43
36,12,25
36,13,76
36,14,23
36,15,27
36,16,50
36,17,13
36,18,17
36,19,0
36,20,28
36,21,13
36,22,12
36,23,16
36,24,56
36,25,6
36,26,37
36,27,8
36,28,35
36,29,9
36,30,30
36,31,3
36,32,25
36,33,14
36,34,32
36,35,59
36,36,0
36,37,10
36,38,6
36,39,13
36,40,15
36,41,2
36,42,5
36,43,44
36,44,13
36,45,17
36,46,44
36,47,10
36,48,14
36,49,0
36,50,59
36,51,26
36,52,6
36,53,10
36,54,63
36,55,22
36,56,7
36,57,2
36,58,6
36,59,8
36,60,4
36,61,4
36,62,9
36,63,7
36,64,2
36,65,19
36,66,3
36,67,72
36,68,4
36,69,10
36,70,10
36,71,27
36,72,9
36,73,6
36,74,15
36,75,5
36,76,0
36,77,10
36,78,9
36,79,25
36,80,1
36,81,9
36,82,10
36,83,0
36,84,33
36,85,31
36,86,3
36,87,0
36,88,16
36,89,9
36,90,1
36,91,0
36,92,4
36,93,10
36,94,4
36,95,30
36,96,6
36,97,17
36,98,10
36,99,23
36,100,12
37,1,249
37,2,22
37,3,24
37,4,2
37,5,2
37,6,45
37,7,8
37,8,35
37,9,4
37,10,48
37,11,16
37,12,17
37,13,42
37,14,33
37,15,12
37,16,15
37,17,2
37,18,37
37,19,1
37,20,36
37,21,31
37,22,34
37,23,10
37,24,15
37,25,156
37,26,12
37,27,55
37,28,13
37,29,236
37,30,17
37,31,2
37,32,6
37,33,29
37,34,15
37,35,4
37,36,10
37,37,0
37,38,55
37,39,0
37,40,23
37,41,0
37,42,67
37,43,10
37,44,29
37,45,7
37,46,7
37,47,33
37,48,40
37,49,1
37,50,12
37,51,5
37,52,15
37,53,25
37,54,1
37,55,4
37,56,4
37,57,105
37,58,25
37,59,44
37,60,1
37,61,35
37,62,12
37,63,39
37,64,16
37,65,6
37,66,15
37,67,16
37,68,33
37,69,22
37,70,1
37,71,7
37,72,6
37,73,47
37,74,10
37,75,0
37,76,3
37,77,0
37,78,5
37,79,11
37,80,3
37,81,3
37,82,2
37,83,0
37,84,8
37,85,0
37,86,123
37,87,0
37,88,16
37,89,1
37,90,1
37,91,4
37,92,13
37,93,11
37,94,12
37,95,6
37,96,3
37,97,36
37,98,20
37,99,7
37,100,7
38,1,115
38,2,4
38,3,18
38,4,8
38,5,2
38,6,70
38,7,11
38,8,13
38,9,3
38,10,72
38,11,6
38,12,19
38,13,25
38,14,35
38,15,17
38,16,5
38,17,0
38,18,24
38,19,1
38,20,41
38,21,30
38,22,85
38,23,4
38,24,19
38,25,58
38,26,4
38,27,32
38,28,6
38,29,106
38,30,5
38,31,0
38,32,6
38,33,79
38,34,1
38,35,0
38,36,6
38,37,55
38,38,0
38,39,1
38,40,21
38,41,0
38,42,120
38,43,5
38,44,3
38,45,12
38,46,4
38,47,11
38,48,24
38,49,0
38,50,7
38,51,3
38,52,23
38,53,56
38,54,2
38,55,3
38,56,35
38,57,52
38,58,22
38,59,179
38,60,21
38,61,34
38,62,5
38,63,106
38,64,28
38,65,6
38,66,50
38,67,40
38,68,58
38,69,62
38,70,8
38,71,4
38,72,6
38,73,24
38,74,2
38,75,0
38,76,1
38,77,1
38,78,4
38,79,0
38,80,37
38,81,4
38,82,3
38,83,1
38,84,1
38,85,2
38,86,73
38,87,3
38,88,4
38,89,1
38,90,3
38,91,1
38,92,21
38,93,39
38,94,8
38,95,0
38,96,4
38,97,2
38,98,7
38,99,2
38,100,5
39,1,5
39,2,11
39,3,10
39,4,11
39,5,146
39,6,2
39,7,2
39,8,1
39,9,0
39,10,0
39,11,7
39,12,4
39,13,4
39,14,6
39,15,2
39,16,11
39,17,77
39,18,2
39,19,51
39,20,6
39,21,1
39,22,0
39,23,5
39,24,3
39,25,1
39,26,6
39,27,0
39,28,6
39,29,0
39,30,4
39,31,81
39,32,5
39,33,0
39,34,9
39,35,13
39,36,13
39,37,0
39,38,1
39,39,0
39,40,9
39,41,34
39,42,0
39,43,12
39,44,1
39,45,1
39,46,4
39,47,3
39,48,1
39,49,56
39,50,7
39,51,8
39,52,1
39,53,0
39,54,12
39,55,5
39,56,4
39,57,0
39,58,7
39,59,0
39,60,1
39,61,0
39,62,1
39,63,0
39,64,0
39,65,2
39,66,0
39,67,2
39,68,0
39,69,0
39,70,0
39,71,4
39,72,0
39,73,0
39,74,0
39,75,48
39,76,13
39,77,1
39,78,2
39,79,6
39,80,3
39,81,1
39,82,4
39,83,0
39,84,1
39,85,1
39,86,0
39,87,12
39,88,3
39,89,1
39,90,0
39,91,15
39,92,1
39,93,0
39,94,4
39,95,5
39,96,4
39,97,2
39,98,0
39,99,1
39,100,2
40,1,57
40,2,21
40,3,48
40,4,17
40,5,11
40,6,57
40,7,15
40,8,9
40,9,0
40,10,26
40,11,40
40,12,18
40,13,103
40,14,107
40,15,8
40,16,22
40,17,12
40,18,61
40,19,3
40,20,94
40,21,48
40,22,38
40,23,32
40,24,14
40,25,31
40,26,13
40,27,88
40,28,45
40,29,14
40,30,18
40,31,27
40,32,11
40,33,38
40,34,26
40,35,39
40,36,15
40,37,23
40,38,21
40,39,9
40,40,0
40,41,6
40,42,36
40,43,20
40,44,8
40,45,28
40,46,18
40,47,29
40,48,48
40,49,8
40,50,9
40,51,20
40,52,55
40,53,19
40,54,20
40,55,12
40,56,9
40,57,16
40,58,89
40,59,24
40,60,1
40,61,19
40,62,4
40,63,33
40,64,8
40,65,23
40,66,40
40,67,12
40,68,44
40,69,22
40,70,9
40,71,39
40,72,3
40,73,54
40,74,10
40,75,4
40,76,0
40,77,0
40,78,5
40,79,17
40,80,7
40,81,5
40,82,16
40,83,0
40,84,8
40,85,1
40,86,22
40,87,2
40,88,14
40,89,2
40,90,6
40,91,6
40,92,27
40,93,24
40,94,16
40,95,13
40,96,3
40,97,15
40,98,0
40,99,6
40,100,13
41,1,1
41,2,4
41,3,4
41,4,1
41,5,122
41,6,0
41,7,1
41,8,2
41,9,1
41,10,0
41,11,3
41,12,0
41,13,2
41,14,2
41,15,0
41,16,2
41,17,56
41,18,3
41,19,90
41,20,3
41,21,6
41,22,2
41,23,0
41,24,3
41,25,2
41,26,1
41,27,1
41,28,5
41,29,2
41,30,3
41,31,72
41,32,0
41,33,0
41,34,3
41,35,3
41,36,2
41,37,0
41,38,0
41,39,34
41,40,6
41,41,0
41,42,0
41,43,1
41,44,0
41,45,1
41,46,3
41,47,5
41,48,4
41,49,59
41,50,1
41,51,5
41,52,1
41,53,0
41,54,2
41,55,2
41,56,3
41,57,0
41,58,14
41,59,0
41,60,0
41,61,0
41,62,0
41,63,0
41,64,0
41,65,0
41,66,1
41,67,1
41,68,0
41,69,0
41,70,1
41,71,0
41,72,0
41,73,0
41,74,0
41,75,52
41,76,36
41,77,0
41,78,1
41,79,5
41,80,18
41,81,0
41,82,5
41,83,0
41,84,0
41,85,0
41,86,0
41,87,47
41,88,0
41,89,0
41,90,7
41,91,45
41,92,0
41,93,0
41,94,9
41,95,5
41,96,0
41,97,2
41,98,8
41,99,2
41,100,0
42,1,93
42,2,13
42,3,12
42,4,4
42,5,0
42,6,55
42,7,9
42,8,12
42,9,3
42,10,45
42,11,13
42,12,22
42,13,34
42,14,32
42,15,22
42,16,20
42,17,4
42,18,54
42,19,1
42,20,88
42,21,23
42,22,49
42,23,8
42,24,26
42,25,57
42,26,20
42,27,36
42,28,8
42,29,76
42,30,9
42,31,0
42,32,6
42,33,58
42,34,2
42,35,7
42,36,5
42,37,67
42,38,120
42,39,0
42,40,36
42,41,0
42,42,0
42,43,6
42,44,6
42,45,8
42,46,7
42,47,19
42,48,51
42,49,1
42,50,22
42,51,18
42,52,15
42,53,53
42,54,3
42,55,11
42,56,6
42,57,33
42,58,30
42,59,95
42,60,10
42,61,30
42,62,9
42,63,81
42,64,10
42,65,6
42,66,42
42,67,42
42,68,52
42,69,43
42,70,44
42,71,9
42,72,4
42,73,21
42,74,3
42,75,0
42,76,0
42,77,2
42,78,7
42,79,3
42,80,9
42,81,3
42,82,4
42,83,0
42,84,12
42,85,1
42,86,51
42,87,0
42,88,3
42,89,0
42,90,8
42,91,0
42,92,14
42,93,25
42,94,9
42,95,4
42,96,4
42,97,4
42,98,6
42,99,4
42,100,21
43,1,91
43,2,76
43,3,120
43,4,36
43,5,5
43,6,13
43,7,31
43,8,14
43,9,18
43,10,0
43,11,53
43,12,64
43,13,57
43,14,32
43,15,24
43,16,69
43,17,12
43,18,14
43,19,0
43,20,34
43,21,9
43,22,2
43,23,114
43,24,34
43,25,2
43,26,38
43,27,7
43,28,86
43,29,1
43,30,49
43,31,4
43,32,56
43,33,5
43,34,46
43,35,72
43,36,44
43,37,10
43,38,5
43,39,12
43,40,20
43,41,1
43,42,6
43,43,0
43,44,18
43,45,37
43,46,57
43,47,10
43,48,6
43,49,0
43,50,44
43,51,58
43,52,8
43,53,1
43,54,63
43,55,12
43,56,39
43,57,3
43,58,9
43,59,2
43,60,3
43,61,1
43,62,20
43,63,1
43,64,1
43,65,40
43,66,3
43,67,12
43,68,2
43,69,5
43,70,10
43,71,36
43,72,11
43,73,3
43,74,17
43,75,4
43,76,0
43,77,3
43,78,16
43,79,28
43,80,4
43,81,10
43,82,15
43,83,1
43,84,23
43,85,9
43,86,0
43,87,0
43,88,35
43,89,4
43,90,12
43,91,0
43,92,1
43,93,4
43,94,9
43,95,32
43,96,41
43,97,36
43,98,8
43,99,42
43,100,10
44,1,63
44,2,59
44,3,80
44,4,5
44,5,1
44,6,7
44,7,39
44,8,52
44,9,6
44,10,3
44,11,31
44,12,48
44,13,26
44,14,16
44,15,34
44,16,35
44,17,1
44,18,4
44,19,0
44,20,9
44,21,7
44,22,2
44,23,25
44,24,49
44,25,29
44,26,38
44,27,6
44,28,23
44,29,12
44,30,30
44,31,3
44,32,36
44,33,2
44,34,174
44,35,10
44,36,13
44,37,29
44,38,3
44,39,1
44,40,8
44,41,0
44,42,6
44,43,18
44,44,0
44,45,5
44,46,23
44,47,6
44,48,2
44,49,4
44,50,39
44,51,24
44,52,2
44,53,4
44,54,2
44,55,4
44,56,13
44,57,5
44,58,1
44,59,2
44,60,2
44,61,4
44,62,35
44,63,3
44,64,2
44,65,36
44,66,3
44,67,3
44,68,5
44,69,3
44,70,19
44,71,32
44,72,30
44,73,2
44,74,24
44,75,0
44,76,0
44,77,0
44,78,16
44,79,10
44,80,7
44,81,8
44,82,3
44,83,0
44,84,23
44,85,7
44,86,7
44,87,0
44,88,22
44,89,4
44,90,3
44,91,3
44,92,4
44,93,0
44,94,4
44,95,19
44,96,25
44,97,30
44,98,23
44,99,20
44,100,10
45,1,48
45,2,18
45,3,134
45,4,43
45,5,5
45,6,18
45,7,79
45,8,4
45,9,8
45,10,6
45,11,74
45,12,75
45,13,32
45,14,53
45,15,19
45,16,44
45,17,3
45,18,23
45,19,1
45,20,36
45,21,37
45,22,10
45,23,57
45,24,22
45,25,3
45,26,33
45,27,12
45,28,45
45,29,4
45,30,19
45,31,3
45,32,23
45,33,22
45,34,33
45,35,48
45,36,17
45,37,7
45,38,12
45,39,1
45,40,28
45,41,1
45,42,8
45,43,37
45,44,5
45,45,0
45,46,32
45,47,9
45,48,15
45,49,3
45,50,83
45,51,27
45,52,36
45,53,3
45,54,20
45,55,5
45,56,18
45,57,6
45,58,15
45,59,3
45,60,2
45,61,6
45,62,22
45,63,4
45,64,3
45,65,25
45,66,12
45,67,10
45,68,4
45,69,17
45,70,28
45,71,25
45,72,13
45,73,10
45,74,39
45,75,3
45,76,0
45,77,7
45,78,20
45,79,12
45,80,10
45,81,10
45,82,32
45,83,0
45,84,15
45,85,0
45,86,0
45,87,0
45,88,38
45,89,1
45,90,57
45,91,4
45,92,6
45,93,9
45,94,16
45,95,8
45,96,12
45,97,20
45,98,4
45,99,19
45,100,18
46,1,71
46,2,74
46,3,124
46,4,25
46,5,5
46,6,10
46,7,31
46,8,17
46,9,37
46,10,7
46,11,43
46,12,123
46,13,103
46,14,29
46,15,30
46,16,72
46,17,11
46,18,23
46,19,1
46,20,28
46,21,16
46,22,16
46,23,62
46,24,38
46,25,15
46,26,49
46,27,6
46,28,46
46,29,3
46,30,32
46,31,5
46,32,47
46,33,4
46,34,33
46,35,63
46,36,44
46,37,7
46,38,4
46,39,4
46,40,18
46,41,3
46,42,7
46,43,57
46,44,23
46,45,32
46,46,0
46,47,6
46,48,8
46,49,3
46,50,47
46,51,36
46,52,5
46,53,2
46,54,102
46,55,11
46,56,17
46,57,3
46,58,7
46,59,0
46,60,2
46,61,3
46,62,17
46,63,1
46,64,5
46,65,35
46,66,0
46,67,6
46,68,3
46,69,2
46,70,23
46,71,32
46,72,14
46,73,0
46,74,31
46,75,2
46,76,2
46,77,9
46,78,9
46,79,32
46,80,13
46,81,7
46,82,12
46,83,4
46,84,39
46,85,7
46,86,3
46,87,2
46,88,26
46,89,6
46,90,4
46,91,0
46,92,2
46,93,1
46,94,10
46,95,27
46,96,24
46,97,21
46,98,12
46,99,19
46,100,20
47,1,58
47,2,16
47,3,21
47,4,15
47,5,9
47,6,62
47,7,11
47,8,21
47,9,20
47,10,33
47,11,20
47,12,13
47,13,30
47,14,51
47,15,14
47,16,23
47,17,9
47,18,71
47,19,12
47,20,50
47,21,37
47,22,35
47,23,9
47,24,18
47,25,30
47,26,10
47,27,23
47,28,9
47,29,35
47,30,8
47,31,15
47,32,12
47,33,13
47,34,12
47,35,11
47,36,10
47,37,33
47,38,11
47,39,3
47,40,29
47,41,5
47,42,19
47,43,10
47,44,6
47,45,9
47,46,6
47,47,0
47,48,63
47,49,11
47,50,15
47,51,2
47,52,25
47,53,29
47,54,4
47,55,12
47,56,6
47,57,44
47,58,23
47,59,21
47,60,6
47,61,29
47,62,3
47,63,13
47,64,10
47,65,4
47,66,67
47,67,5
47,68,20
47,69,12
47,70,9
47,71,2
47,72,11
47,73,13
47,74,6
47,75,4
47,76,5
47,77,5
47,78,4
47,79,7
47,80,4
47,81,16
47,82,14
47,83,1
47,84,7
47,85,18
47,86,22
47,87,4
47,88,11
47,89,4
47,90,1
47,91,8
47,92,12
47,93,5
47,94,20
47,95,4
47,96,5
47,97,9
47,98,10
47,99,8
47,100,19
48,1,77
48,2,17
48,3,20
48,4,7
48,5,6
48,6,72
48,7,12
48,8,16
48,9,16
48,10,58
48,11,22
48,12,12
48,13,52
48,14,51
48,15,7
48,16,16
48,17,4
48,18,74
48,19,6
48,20,59
48,21,42
48,22,34
48,23,9
48,24,8
48,25,32
48,26,6
48,27,81
48,28,12
48,29,50
48,30,7
48,31,4
48,32,14
48,33,35
48,34,11
48,35,7
48,36,14
48,37,40
48,38,24
48,39,1
48,40,48
48,41,4
48,42,51
48,43,6
48,44,2
48,45,15
48,46,8
48,47,63
48,48,0
48,49,5
48,50,15
48,51,8
48,52,11
48,53,52
48,54,6
48,55,9
48,56,7
48,57,31
48,58,46
48,59,34
48,60,1
48,61,23
48,62,5
48,63,34
48,64,21
48,65,6
48,66,107
48,67,13
48,68,76
48,69,17
48,70,10
48,71,9
48,72,2
48,73,41
48,74,10
48,75,3
48,76,4
48,77,4
48,78,4
48,79,5
48,80,4
48,81,6
48,82,16
48,83,3
48,84,5
48,85,12
48,86,24
48,87,2
48,88,10
48,89,0
48,90,2
48,91,1
48,92,14
48,93,24
48,94,15
48,95,6
48,96,6
48,97,9
48,98,7
48,99,4
48,100,14
49,1,7
49,2,2
49,3,4
49,4,1
49,5,153
49,6,2
49,7,1
49,8,1
49,9,0
49,10,0
49,11,2
49,12,3
49,13,4
49,14,10
49,15,1
49,16,5
49,17,42
49,18,8
49,19,67
49,20,7
49,21,11
49,22,3
49,23,2
49,24,4
49,25,10
49,26,4
49,27,4
49,28,4
49,29,4
49,30,7
49,31,61
49,32,2
49,33,2
49,34,5
49,35,3
49,36,0
49,37,1
49,38,0
49,39,56
49,40,8
49,41,59
49,42,1
49,43,0
49,44,4
49,45,3
49,46,3
49,47,11
49,48,5
49,49,0
49,50,2
49,51,3
49,52,2
49,53,0
49,54,2
49,55,3
49,56,1
49,57,0
49,58,7
49,59,0
49,60,0
49,61,0
49,62,2
49,63,1
49,64,0
49,65,7
49,66,1
49,67,1
49,68,1
49,69,1
49,70,2
49,71,3
49,72,5
49,73,1
49,74,3
49,75,30
49,76,41
49,77,1
49,78,1
49,79,3
49,80,10
49,81,0
49,82,5
49,83,0
49,84,2
49,85,0
49,86,3
49,87,31
49,88,0
49,89,0
49,90,1
49,91,34
49,92,0
49,93,1
49,94,11
49,95,8
49,96,1
49,97,0
49,98,8
49,99,1
49,100,0
50,1,132
50,2,101
50,3,145
50,4,34
50,5,5
50,6,19
50,7,60
50,8,22
50,9,9
50,10,4
50,11,81
50,12,111
50,13,53
50,14,31
50,15,52
50,16,57
50,17,6
50,18,13
50,19,3
50,20,30
50,21,13
50,22,6
50,23,89
50,24,76
50,25,18
50,26,76
50,27,3
50,28,71
50,29,4
50,30,46
50,31,5
50,32,93
50,33,3
50,34,46
50,35,47
50,36,59
50,37,12
50,38,7
50,39,7
50,40,9
50,41,1
50,42,22
50,43,44
50,44,39
50,45,83
50,46,47
50,47,15
50,48,15
50,49,2
50,50,0
50,51,65
50,52,12
50,53,5
50,54,37
50,55,14
50,56,15
50,57,6
50,58,4
50,59,1
50,60,8
50,61,3
50,62,48
50,63,3
50,64,4
50,65,29
50,66,4
50,67,13
50,68,6
50,69,4
50,70,17
50,71,41
50,72,14
50,73,0
50,74,49
50,75,5
50,76,2
50,77,2
50,78,28
50,79,26
50,80,14
50,81,12
50,82,16
50,83,0
50,84,54
50,85,9
50,86,5
50,87,1
50,88,40
50,89,4
50,90,11
50,91,5
50,92,3
50,93,1
50,94,12
50,95,35
50,96,40
50,97,39
50,98,16
50,99,17
50,100,14
51,1,168
51,2,44
51,3,119
51,4,17
51,5,6
51,6,13
51,7,14
51,8,12
51,9,10
51,10,3
51,11,42
51,12,102
51,13,25
51,14,31
51,15,44
51,16,46
51,17,15
51,18,18
51,19,1
51,20,12
51,21,6
51,22,5
51,23,77
51,24,58
51,25,5
51,26,215
51,27,5
51,28,54
51,29,0
51,30,30
51,31,5
51,32,143
51,33,7
51,34,44
51,35,56
51,36,26
51,37,5
51,38,3
51,39,8
51,40,20
51,41,5
51,42,18
51,43,58
51,44,24
51,45,27
51,46,36
51,47,2
51,48,8
51,49,3
51,50,65
51,51,0
51,52,1
51,53,3
51,54,31
51,55,9
51,56,19
51,57,2
51,58,9
51,59,0
51,60,2
51,61,4
51,62,55
51,63,4
51,64,0
51,65,26
51,66,4
51,67,13
51,68,10
51,69,1
51,70,3
51,71,38
51,72,21
51,73,5
51,74,8
51,75,0
51,76,1
51,77,2
51,78,9
51,79,36
51,80,4
51,81,14
51,82,2
51,83,0
51,84,20
51,85,15
51,86,1
51,87,1
51,88,58
51,89,11
51,90,3
51,91,1
51,92,2
51,93,9
51,94,5
51,95,22
51,96,109
51,97,30
51,98,16
51,99,30
51,100,25
52,1,28
52,2,13
52,3,31
52,4,14
52,5,2
52,6,47
52,7,10
52,8,9
52,9,0
52,10,20
52,11,54
52,12,14
52,13,35
52,14,69
52,15,2
52,16,14
52,17,3
52,18,43
52,19,1
52,20,58
52,21,52
52,22,35
52,23,21
52,24,7
52,25,22
52,26,6
52,27,22
52,28,28
52,29,16
52,30,22
52,31,3
52,32,1
52,33,18
52,34,14
52,35,24
52,36,6
52,37,15
52,38,23
52,39,1
52,40,55
52,41,1
52,42,15
52,43,8
52,44,2
52,45,36
52,46,5
52,47,25
52,48,11
52,49,2
52,50,12
52,51,1
52,52,0
52,53,10
52,54,9
52,55,9
52,56,14
52,57,12
52,58,24
52,59,13
52,60,1
52,61,11
52,62,1
52,63,9
52,64,12
52,65,7
52,66,12
52,67,4
52,68,11
52,69,21
52,70,15
52,71,13
52,72,5
52,73,9
52,74,10
52,75,4
52,76,0
52,77,0
52,78,5
52,79,14
52,80,4
52,81,1
52,82,47
52,83,0
52,84,2
52,85,0
52,86,12
52,87,0
52,88,3
52,89,0
52,90,9
52,91,10
52,92,7
52,93,10
52,94,15
52,95,6
52,96,0
52,97,4
52,98,5
52,99,6
52,100,12
53,1,48
53,2,0
53,3,9
53,4,2
53,5,0
53,6,247
53,7,10
53,8,7
53,9,1
53,10,72
53,11,5
53,12,14
53,13,16
53,14,23
53,15,3
53,16,3
53,17,1
53,18,31
53,19,0
53,20,38
53,21,15
53,22,49
53,23,2
53,24,12
53,25,27
53,26,4
53,27,31
53,28,5
53,29,34
53,30,5
53,31,0
53,32,9
53,33,48
53,34,3
53,35,2
53,36,10
53,37,25
53,38,56
53,39,0
53,40,19
53,41,0
53,42,53
53,43,1
53,44,4
53,45,3
53,46,2
53,47,29
53,48,52
53,49,0
53,50,5
53,51,3
53,52,10
53,53,0
53,54,0
53,55,5
53,56,3
53,57,35
53,58,13
53,59,43
53,60,6
53,61,43
53,62,2
53,63,35
53,64,36
53,65,3
53,66,17
53,67,25
53,68,24
53,69,33
53,70,8
53,71,3
53,72,0
53,73,13
53,74,3
53,75,0
53,76,1
53,77,4
53,78,0
53,79,0
53,80,3
53,81,2
53,82,1
53,83,4
53,84,1
53,85,10
53,86,22
53,87,0
53,88,1
53,89,0
53,90,0
53,91,0
53,92,17
53,93,22
53,94,9
53,95,2
53,96,4
53,97,2
53,98,4
53,99,0
53,100,18
54,1,56
54,2,115
54,3,80
54,4,31
54,5,4
54,6,8
54,7,12
54,8,2
54,9,35
54,10,9
54,11,29
54,12,25
54,13,130
54,14,37
54,15,11
54,16,36
54,17,14
54,18,9
54,19,0
54,20,20
54,21,7
54,22,2
54,23,56
54,24,26
54,25,1
54,26,27
54,27,5
54,28,71
54,29,1
54,30,45
54,31,2
54,32,21
54,33,0
54,34,26
54,35,108
54,36,63
54,37,1
54,38,2
54,39,12
54,40,20
54,41,2
54,42,3
54,43,63
54,44,2
54,45,20
54,46,102
54,47,4
54,48,6
54,49,2
54,50,37
54,51,31
54,52,9
54,53,0
54,54,0
54,55,11
54,56,10
54,57,0
54,58,6
54,59,0
54,60,4
54,61,0
54,62,6
54,63,1
54,64,0
54,65,20
54,66,0
54,67,3
54,68,2
54,69,0
54,70,3
54,71,28
54,72,10
54,73,1
54,74,22
54,75,4
54,76,0
54,77,3
54,78,9
54,79,41
54,80,6
54,81,4
54,82,16
54,83,0
54,84,20
54,85,4
54,86,0
54,87,0
54,88,22
54,89,1
54,90,2
54,91,3
54,92,4
54,93,1
54,94,3
54,95,43
54,96,8
54,97,14
54,98,3
54,99,12
54,100,17
55,1,20
55,2,20
55,3,27
55,4,67
55,5,3
55,6,28
55,7,213
55,8,55
55,9,25
55,10,4
55,11,20
55,12,15
55,13,35
55,14,11
55,15,26
55,16,19
55,17,6
55,18,21
55,19,0
55,20,23
55,21,7
55,22,6
55,23,11
55,24,9
55,25,3
55,26,9
55,27,46
55,28,10
55,29,2
55,30,11
55,31,3
55,32,11
55,33,4
55,34,9
55,35,20
55,36,22
55,37,4
55,38,3
55,39,5
55,40,12
55,41,2
55,42,11
55,43,12
55,44,4
55,45,5
55,46,11
55,47,12
55,48,9
55,49,3
55,50,14
55,51,9
55,52,9
55,53,5
55,54,11
55,55,0
55,56,5
55,57,2
55,58,19
55,59,2
55,60,25
55,61,5
55,62,3
55,63,5
55,64,6
55,65,6
55,66,4
55,67,10
55,68,6
55,69,2
55,70,5
55,71,7
55,72,5
55,73,11
55,74,9
55,75,3
55,76,0
55,77,22
55,78,10
55,79,13
55,80,4
55,81,6
55,82,2
55,83,2
55,84,4
55,85,8
55,86,2
55,87,0
55,88,1
55,89,14
55,90,0
55,91,0
55,92,2
55,93,3
55,94,3
55,95,10
55,96,6
55,97,7
55,98,9
55,99,20
55,100,9
56,1,41
56,2,17
56,3,82
56,4,16
56,5,6
56,6,9
56,7,12
56,8,26
56,9,10
56,10,5
56,11,19
56,12,68
56,13,12
56,14,18
56,15,31
56,16,20
56,17,2
56,18,10
56,19,0
56,20,11
56,21,10
56,22,14
56,23,24
56,24,29
56,25,6
56,26,10
56,27,1
56,28,14
56,29,1
56,30,8
56,31,0
56,32,18
56,33,1
56,34,21
56,35,40
56,36,7
56,37,4
56,38,35
56,39,4
56,40,9
56,41,3
56,42,6
56,43,39
56,44,13
56,45,18
56,46,17
56,47,6
56,48,7
56,49,1
56,50,15
56,51,19
56,52,14
56,53,3
56,54,10
56,55,5
56,56,0
56,57,1
56,58,4
56,59,3
56,60,3
56,61,6
56,62,27
56,63,1
56,64,10
56,65,16
56,66,1
56,67,2
56,68,3
56,69,8
56,70,2
56,71,13
56,72,12
56,73,6
56,74,28
56,75,2
56,76,0
56,77,0
56,78,4
56,79,15
56,80,6
56,81,3
56,82,10
56,83,1
56,84,7
56,85,1
56,86,0
56,87,2
56,88,17
56,89,1
56,90,17
56,91,1
56,92,7
56,93,4
56,94,5
56,95,12
56,96,5
56,97,17
56,98,41
56,99,27
56,100,8
57,1,139
57,2,4
57,3,16
57,4,2
57,5,0
57,6,74
57,7,2
57,8,13
57,9,2
57,10,87
57,11,13
57,12,1
57,13,14
57,14,37
57,15,8
57,16,6
57,17,2
57,18,33
57,19,0
57,20,26
57,21,24
57,22,46
57,23,1
57,24,6
57,25,182
57,26,3
57,27,21
57,28,6
57,29,133
57,30,13
57,31,0
57,32,1
57,33,32
57,34,5
57,35,2
57,36,2
57,37,105
57,38,52
57,39,0
57,40,16
57,41,0
57,42,33
57,43,3
57,44,5
57,45,6
57,46,3
57,47,44
57,48,31
57,49,0
57,50,6
57,51,2
57,52,12
57,53,35
57,54,0
57,55,2
57,56,1
57,57,0
57,58,11
57,59,60
57,60,2
57,61,18
57,62,0
57,63,27
57,64,18
57,65,1
57,66,9
57,67,13
57,68,10
57,69,32
57,70,0
57,71,0
57,72,7
57,73,10
57,74,1
57,75,0
57,76,1
57,77,1
57,78,0
57,79,1
57,80,4
57,81,0
57,82,10
57,83,0
57,84,4
57,85,0
57,86,64
57,87,0
57,88,1
57,89,0
57,90,1
57,91,1
57,92,17
57,93,24
57,94,19
57,95,1
57,96,1
57,97,8
57,98,9
57,99,0
57,100,10
58,1,49
58,2,12
58,3,20
58,4,3
58,5,17
58,6,37
58,7,9
58,8,6
58,9,3
58,10,10
58,11,9
58,12,7
58,13,413
58,14,59
58,15,0
58,16,11
58,17,7
58,18,41
58,19,14
58,20,82
58,21,30
58,22,24
58,23,6
58,24,7
58,25,17
58,26,7
58,27,98
58,28,14
58,29,30
58,30,5
58,31,5
58,32,3
58,33,32
58,34,11
58,35,9
58,36,6
58,37,25
58,38,22
58,39,7
58,40,89
58,41,14
58,42,30
58,43,9
58,44,1
58,45,15
58,46,7
58,47,23
58,48,46
58,49,7
58,50,4
58,51,9
58,52,24
58,53,13
58,54,6
58,55,19
58,56,4
58,57,11
58,58,0
58,59,19
58,60,1
58,61,18
58,62,1
58,63,29
58,64,8
58,65,5
58,66,36
58,67,9
58,68,41
58,69,12
58,70,1
58,71,7
58,72,1
58,73,52
58,74,3
58,75,8
58,76,6
58,77,0
58,78,2
58,79,5
58,80,5
58,81,3
58,82,10
58,83,0
58,84,1
58,85,2
58,86,18
58,87,6
58,88,1
58,89,2
58,90,2
58,91,4
58,92,19
58,93,21
58,94,5
58,95,3
58,96,4
58,97,15
58,98,3
58,99,2
58,100,6
59,1,93
59,2,2
59,3,4
59,4,0
59,5,1
59,6,67
59,7,3
59,8,7
59,9,1
59,10,78
59,11,2
59,12,2
59,13,21
59,14,16
59,15,1
59,16,0
59,17,0
59,18,23
59,19,1
59,20,32
59,21,15
59,22,78
59,23,2
59,24,12
59,25,44
59,26,2
59,27,32
59,28,3
59,29,87
59,30,0
59,31,0
59,32,0
59,33,80
59,34,1
59,35,2
59,36,8
59,37,44
59,38,179
59,39,0
59,40,24
59,41,0
59,42,95
59,43,2
59,44,2
59,45,3
59,46,0
59,47,21
59,48,34
59,49,0
59,50,1
59,51,0
59,52,13
59,53,43
59,54,0
59,55,2
59,56,3
59,57,60
59,58,19
59,59,0
59,60,4
59,61,30
59,62,0
59,63,92
59,64,23
59,65,0
59,66,41
59,67,42
59,68,58
59,69,74
59,70,2
59,71,2
59,72,1
59,73,29
59,74,0
59,75,0
59,76,0
59,77,2
59,78,0
59,79,0
59,80,4
59,81,3
59,82,1
59,83,0
59,84,1
59,85,1
59,86,67
59,87,0
59,88,0
59,89,0
59,90,1
59,91,1
59,92,15
59,93,37
59,94,5
59,95,0
59,96,2
59,97,1
59,98,2
59,99,1
59,100,5
60,1,5
60,2,9
60,3,16
60,4,52
60,5,0
60,6,16
60,7,42
60,8,81
60,9,22
60,10,2
60,11,3
60,12,13
60,13,2
60,14,5
60,15,52
60,16,0
60,17,1
60,18,3
60,19,1
60,20,5
60,21,2
60,22,5
60,23,0
60,24,11
60,25,3
60,26,8
60,27,1
60,28,3
60,29,0
60,30,2
60,31,0
60,32,3
60,33,0
60,34,3
60,35,4
60,36,4
60,37,1
60,38,21
60,39,1
60,40,1
60,41,0
60,42,10
60,43,3
60,44,2
60,45,2
60,46,2
60,47,6
60,48,1
60,49,0
60,50,8
60,51,2
60,52,1
60,53,6
60,54,4
60,55,25
60,56,3
60,57,2
60,58,1
60,59,4
60,60,0
60,61,0
60,62,5
60,63,2
60,64,4
60,65,3
60,66,0
60,67,22
60,68,2
60,69,3
60,70,3
60,71,4
60,72,1
60,73,0
60,74,2
60,75,0
60,76,1
60,77,16
60,78,11
60,79,1
60,80,8
60,81,12
60,82,0
60,83,19
60,84,3
60,85,28
60,86,2
60,87,0
60,88,3
60,89,7
60,90,4
60,91,1
60,92,0
60,93,1
60,94,0
60,95,1
60,96,5
60,97,1
60,98,3
60,99,1
60,100,3
61,1,53
61,2,15
61,3,15
61,4,1
61,5,2
61,6,69
61,7,9
61,8,5
61,9,1
61,10,59
61,11,8
61,12,8
61,13,25
61,14,23
61,15,0
61,16,0
61,17,2
61,18,21
61,19,0
61,20,25
61,21,15
61,22,39
61,23,1
61,24,11
61,25,24
61,26,1
61,27,17
61,28,3
61,29,43
61,30,12
61,31,0
61,32,2
61,33,96
61,34,3
61,35,0
61,36,4
61,37,35
61,38,34
61,39,0
61,40,19
61,41,0
61,42,30
61,43,1
61,44,4
61,45,6
61,46,3
61,47,29
61,48,23
61,49,0
61,50,3
61,51,4
61,52,11
61,53,43
61,54,0
61,55,5
61,56,6
61,57,18
61,58,18
61,59,30
61,60,0
61,61,0
61,62,7
61,63,41
61,64,15
61,65,10
61,66,21
61,67,11
61,68,28
61,69,51
61,70,3
61,71,15
61,72,9
61,73,17
61,74,3
61,75,0
61,76,1
61,77,1
61,78,1
61,79,2
61,80,4
61,81,5
61,82,1
61,83,0
61,84,1
61,85,1
61,86,24
61,87,0
61,88,1
61,89,0
61,90,4
61,91,1
61,92,78
61,93,33
61,94,6
61,95,2
61,96,1
61,97,1
61,98,3
61,99,4
61,100,11
62,1,63
62,2,41
62,3,74
62,4,10
62,5,1
62,6,11
62,7,28
62,8,33
62,9,2
62,10,1
62,11,25
62,12,56
62,13,10
62,14,11
62,15,34
62,16,15
62,17,2
62,18,7
62,19,1
62,20,2
62,21,6
62,22,3
62,23,39
62,24,38
62,25,7
62,26,52
62,27,4
62,28,29
62,29,4
62,30,12
62,31,0
62,32,43
62,33,10
62,34,45
62,35,25
62,36,9
62,37,12
62,38,5
62,39,1
62,40,4
62,41,0
62,42,9
62,43,20
62,44,35
62,45,22
62,46,17
62,47,3
62,48,5
62,49,2
62,50,48
62,51,55
62,52,1
62,53,2
62,54,6
62,55,3
62,56,27
62,57,0
62,58,1
62,59,0
62,60,5
62,61,7
62,62,0
62,63,1
62,64,3
62,65,27
62,66,6
62,67,16
62,68,6
62,69,4
62,70,9
62,71,25
62,72,18
62,73,4
62,74,26
62,75,2
62,76,0
62,77,8
62,78,6
62,79,4
62,80,9
62,81,20
62,82,3
62,83,0
62,84,22
62,85,5
62,86,2
62,87,0
62,88,31
62,89,7
62,90,5
62,91,0
62,92,7
62,93,4
62,94,4
62,95,25
62,96,27
62,97,29
62,98,29
62,99,24
62,100,13
63,1,78
63,2,4
63,3,0
63,4,1
63,5,0
63,6,92
63,7,3
63,8,1
63,9,0
63,10,52
63,11,5
63,12,9
63,13,29
63,14,25
63,15,2
63,16,1
63,17,1
63,18,46
63,19,0
63,20,44
63,21,14
63,22,66
63,23,1
63,24,32
63,25,40
63,26,4
63,27,34
63,28,8
63,29,67
63,30,1
63,31,0
63,32,3
63,33,125
63,34,1
63,35,1
63,36,7
63,37,39
63,38,106
63,39,0
63,40,33
63,41,0
63,42,81
63,43,1
63,44,3
63,45,4
63,46,1
63,47,13
63,48,34
63,49,1
63,50,3
63,51,4
63,52,9
63,53,35
63,54,1
63,55,5
63,56,1
63,57,27
63,58,29
63,59,92
63,60,2
63,61,41
63,62,1
63,63,0
63,64,13
63,65,2
63,66,44
63,67,35
63,68,73
63,69,66
63,70,0
63,71,1
63,72,1
63,73,27
63,74,0
63,75,0
63,76,0
63,77,2
63,78,2
63,79,1
63,80,5
63,81,4
63,82,2
63,83,0
63,84,1
63,85,1
63,86,59
63,87,0
63,88,1
63,89,0
63,90,2
63,91,0
63,92,18
63,93,55
63,94,5
63,95,0
63,96,1
63,97,1
63,98,1
63,99,1
63,100,5
64,1,43
64,2,22
64,3,26
64,4,3
64,5,1
64,6,70
64,7,5
64,8,8
64,9,5
64,10,156
64,11,9
64,12,13
64,13,17
64,14,15
64,15,2
64,16,11
64,17,2
64,18,16
64,19,0
64,20,16
64,21,22
64,22,46
64,23,3
64,24,4
64,25,23
64,26,7
64,27,7
64,28,4
64,29,30
64,30,7
64,31,0
64,32,7
64,33,25
64,34,1
64,35,2
64,36,2
64,37,16
64,38,28
64,39,0
64,40,8
64,41,0
64,42,10
64,43,1
64,44,2
64,45,3
64,46,5
64,47,10
64,48,21
64,49,0
64,50,4
64,51,0
64,52,12
64,53,36
64,54,0
64,55,6
64,56,10
64,57,18
64,58,8
64,59,23
64,60,4
64,61,15
64,62,3
64,63,13
64,64,0
64,65,3
64,66,14
64,67,10
64,68,6
64,69,34
64,70,5
64,71,3
64,72,4
64,73,6
64,74,14
64,75,0
64,76,0
64,77,1
64,78,5
64,79,8
64,80,0
64,81,3
64,82,1
64,83,2
64,84,9
64,85,2
64,86,21
64,87,0
64,88,1
64,89,0
64,90,1
64,91,1
64,92,7
64,93,14
64,94,19
64,95,4
64,96,1
64,97,3
64,98,9
64,99,3
64,100,9
65,1,61
65,2,51
65,3,79
65,4,20
65,5,5
65,6,9
65,7,30
65,8,13
65,9,19
65,10,6
65,11,40
65,12,55
65,13,19
65,14,47
65,15,20
65,16,41
65,17,2
65,18,11
65,19,1
65,20,26
65,21,9
65,22,4
65,23,54
65,24,29
65,25,6
65,26,29
65,27,3
65,28,40
65,29,3
65,30,22
65,31,1
65,32,32
65,33,6
65,34,79
65,35,44
65,36,19
65,37,6
65,38,6
65,39,2
65,40,23
65,41,0
65,42,6
65,43,40
65,44,36
65,45,25
65,46,35
65,47,4
65,48,6
65,49,7
65,50,29
65,51,26
65,52,7
65,53,3
65,54,20
65,55,6
65,56,16
65,57,1
65,58,5
65,59,0
65,60,3
65,61,10
65,62,27
65,63,2
65,64,3
65,65,0
65,66,0
65,67,8
65,68,3
65,69,2
65,70,14
65,71,55
65,72,26
65,73,1
65,74,32
65,75,0
65,76,0
65,77,0
65,78,10
65,79,7
65,80,4
65,81,8
65,82,23
65,83,0
65,84,19
65,85,7
65,86,1
65,87,1
65,88,22
65,89,4
65,90,3
65,91,3
65,92,6
65,93,3
65,94,5
65,95,18
65,96,14
65,97,16
65,98,13
65,99,19
65,100,16
66,1,53
66,2,3
66,3,6
66,4,1
66,5,1
66,6,28
66,7,3
66,8,2
66,9,0
66,10,22
66,11,5
66,12,2
66,13,36
66,14,21
66,15,3
66,16,0
66,17,3
66,18,28
66,19,5
66,20,48
66,21,33
66,22,30
66,23,3
66,24,9
66,25,16
66,26,3
66,27,42
66,28,10
66,29,36
66,30,0
66,31,2
66,32,7
66,33,27
66,34,4
66,35,2
66,36,3
66,37,15
66,38,50
66,39,0
66,40,40
66,41,1
66,42,42
66,43,3
66,44,3
66,45,12
66,46,0
66,47,67
66,48,107
66,49,1
66,50,4
66,51,4
66,52,12
66,53,17
66,54,0
66,55,4
66,56,1
66,57,9
66,58,36
66,59,41
66,60,0
66,61,21
66,62,6
66,63,44
66,64,14
66,65,0
66,66,0
66,67,16
66,68,108
66,69,15
66,70,5
66,71,2
66,72,1
66,73,25
66,74,0
66,75,1
66,76,2
66,77,2
66,78,1
66,79,0
66,80,1
66,81,12
66,82,2
66,83,0
66,84,0
66,85,2
66,86,25
66,87,1
66,88,1
66,89,0
66,90,2
66,91,2
66,92,23
66,93,22
66,94,1
66,95,1
66,96,3
66,97,3
66,98,3
66,99,4
66,100,2
67,1,58
67,2,28
67,3,27
67,4,11
67,5,1
67,6,43
67,7,17
67,8,12
67,9,5
67,10,17
67,11,13
67,12,23
67,13,14
67,14,20
67,15,23
67,16,18
67,17,2
67,18,25
67,19,0
67,20,20
67,21,5
67,22,19
67,23,15
67,24,24
67,25,20
67,26,19
67,27,14
67,28,15
67,29,28
67,30,5
67,31,1
67,32,24
67,33,49
67,34,15
67,35,11
67,36,72
67,37,16
67,38,40
67,39,2
67,40,12
67,41,1
67,42,42
67,43,12
67,44,3
67,45,10
67,46,6
67,47,5
67,48,13
67,49,1
67,50,13
67,51,13
67,52,4
67,53,25
67,54,3
67,55,10
67,56,2
67,57,13
67,58,9
67,59,42
67,60,22
67,61,11
67,62,16
67,63,35
67,64,10
67,65,8
67,66,16
67,67,0
67,68,39
67,69,20
67,70,9
67,71,12
67,72,4
67,73,13
67,74,7
67,75,0
67,76,0
67,77,17
67,78,6
67,79,4
67,80,4
67,81,44
67,82,4
67,83,2
67,84,12
67,85,14
67,86,18
67,87,0
67,88,18
67,89,1
67,90,0
67,91,0
67,92,10
67,93,38
67,94,4
67,95,3
67,96,11
67,97,12
67,98,4
67,99,8
67,100,22
68,1,71
68,2,5
68,3,14
68,4,2
68,5,0
68,6,30
68,7,4
68,8,2
68,9,1
68,10,26
68,11,12
68,12,11
68,13,45
68,14,29
68,15,9
68,16,4
68,17,2
68,18,44
68,19,3
68,20,64
68,21,14
68,22,21
68,23,5
68,24,18
68,25,23
68,26,19
68,27,130
68,28,12
68,29,52
68,30,1
68,31,0
68,32,10
68,33,61
68,34,6
68,35,6
68,36,4
68,37,33
68,38,58
68,39,0
68,40,44
68,41,0
68,42,52
68,43,2
68,44,5
68,45,4
68,46,3
68,47,20
68,48,76
68,49,1
68,50,6
68,51,10
68,52,11
68,53,24
68,54,2
68,55,6
68,56,3
68,57,10
68,58,41
68,59,58
68,60,2
68,61,28
68,62,6
68,63,73
68,64,6
68,65,3
68,66,108
68,67,39
68,68,0
68,69,26
68,70,3
68,71,5
68,72,0
68,73,50
68,74,0
68,75,0
68,76,0
68,77,1
68,78,0
68,79,1
68,80,1
68,81,40
68,82,2
68,83,0
68,84,0
68,85,1
68,86,45
68,87,0
68,88,5
68,89,1
68,90,0
68,91,0
68,92,39
68,93,44
68,94,0
68,95,1
68,96,7
68,97,7
68,98,1
68,99,1
68,100,6
69,1,40
69,2,9
69,3,16
69,4,4
69,5,0
69,6,119
69,7,12
69,8,8
69,9,3
69,10,106
69,11,2
69,12,10
69,13,15
69,14,19
69,15,9
69,16,5
69,17,1
69,18,53
69,19,0
69,20,37
69,21,21
69,22,74
69,23,4
69,24,12
69,25,26
69,26,1
69,27,14
69,28,4
69,29,33
69,30,2
69,31,0
69,32,3
69,33,133
69,34,4
69,35,6
69,36,10
69,37,22
69,38,62
69,39,0
69,40,22
69,41,0
69,42,43
69,43,5
69,44,3
69,45,17
69,46,2
69,47,12
69,48,17
69,49,1
69,50,4
69,51,1
69,52,21
69,53,33
69,54,0
69,55,2
69,56,8
69,57,32
69,58,12
69,59,74
69,60,3
69,61,51
69,62,4
69,63,66
69,64,34
69,65,2
69,66,15
69,67,20
69,68,26
69,69,0
69,70,1
69,71,4
69,72,1
69,73,21
69,74,4
69,75,0
69,76,0
69,77,2
69,78,2
69,79,0
69,80,3
69,81,2
69,82,3
69,83,0
69,84,5
69,85,1
69,86,29
69,87,0
69,88,16
69,89,0
69,90,10
69,91,1
69,92,18
69,93,112
69,94,9
69,95,2
69,96,2
69,97,3
69,98,2
69,99,1
69,100,12
70,1,14
70,2,18
70,3,46
70,4,5
70,5,2
70,6,7
70,7,17
70,8,13
70,9,2
70,10,5
70,11,19
70,12,20
70,13,8
70,14,18
70,15,12
70,16,66
70,17,2
70,18,55
70,19,1
70,20,57
70,21,29
70,22,24
70,23,13
70,24,15
70,25,7
70,26,27
70,27,8
70,28,9
70,29,2
70,30,13
70,31,0
70,32,9
70,33,4
70,34,22
70,35,12
70,36,10
70,37,1
70,38,8
70,39,0
70,40,9
70,41,1
70,42,44
70,43,10
70,44,19
70,45,28
70,46,23
70,47,9
70,48,10
70,49,2
70,50,17
70,51,3
70,52,15
70,53,8
70,54,3
70,55,5
70,56,2
70,57,0
70,58,1
70,59,2
70,60,3
70,61,3
70,62,9
70,63,0
70,64,5
70,65,14
70,66,5
70,67,9
70,68,3
70,69,1
70,70,0
70,71,14
70,72,9
70,73,2
70,74,15
70,75,2
70,76,0
70,77,4
70,78,19
70,79,5
70,80,7
70,81,2
70,82,10
70,83,0
70,84,6
70,85,1
70,86,1
70,87,0
70,88,7
70,89,2
70,90,5
70,91,1
70,92,1
70,93,1
70,94,12
70,95,5
70,96,4
70,97,7
70,98,4
70,99,8
70,100,5
71,1,57
71,2,49
71,3,81
71,4,22
71,5,5
71,6,6
71,7,31
71,8,11
71,9,9
71,10,6
71,11,51
71,12,37
71,13,25
71,14,220
71,15,24
71,16,54
71,17,10
71,18,8
71,19,0
71,20,22
71,21,19
71,22,8
71,23,55
71,24,33
71,25,16
71,26,32
71,27,5
71,28,33
71,29,3
71,30,30
71,31,2
71,32,37
71,33,11
71,34,71
71,35,42
71,36,27
71,37,7
71,38,4
71,39,4
71,40,39
71,41,0
71,42,9
71,43,36
71,44,32
71,45,25
71,46,32
71,47,2
71,48,9
71,49,3
71,50,41
71,51,38
71,52,13
71,53,3
71,54,28
71,55,7
71,56,13
71,57,0
71,58,7
71,59,2
71,60,4
71,61,15
71,62,25
71,63,1
71,64,3
71,65,55
71,66,2
71,67,12
71,68,5
71,69,4
71,70,14
71,71,0
71,72,13
71,73,5
71,74,21
71,75,1
71,76,0
71,77,2
71,78,14
71,79,21
71,80,4
71,81,6
71,82,8
71,83,0
71,84,21
71,85,8
71,86,2
71,87,0
71,88,30
71,89,5
71,90,5
71,91,3
71,92,5
71,93,4
71,94,7
71,95,26
71,96,24
71,97,24
71,98,6
71,99,16
71,100,17
72,1,33
72,2,31
72,3,57
72,4,6
72,5,6
72,6,13
72,7,6
72,8,21
72,9,24
72,10,11
72,11,20
72,12,29
72,13,17
72,14,22
72,15,9
72,16,27
72,17,3
72,18,10
72,19,1
72,20,9
72,21,25
72,22,10
72,23,99
72,24,19
72,25,20
72,26,23
72,27,2
72,28,39
72,29,10
72,30,40
72,31,3
72,32,12
72,33,2
72,34,45
72,35,13
72,36,9
72,37,6
72,38,6
72,39,0
72,40,3
72,41,0
72,42,4
72,43,11
72,44,30
72,45,13
72,46,14
72,47,11
72,48,2
72,49,5
72,50,14
72,51,21
72,52,5
72,53,0
72,54,10
72,55,5
72,56,12
72,57,7
72,58,1
72,59,1
72,60,1
72,61,9
72,62,18
72,63,1
72,64,4
72,65,26
72,66,1
72,67,4
72,68,0
72,69,1
72,70,9
72,71,13
72,72,0
72,73,0
72,74,20
72,75,1
72,76,1
72,77,1
72,78,6
72,79,10
72,80,3
72,81,3
72,82,23
72,83,0
72,84,41
72,85,1
72,86,1
72,87,1
72,88,18
72,89,0
72,90,0
72,91,1
72,92,2
72,93,0
72,94,6
72,95,21
72,96,4
72,97,21
72,98,49
72,99,19
72,100,17
73,1,51
73,2,0
73,3,1
73,4,1
73,5,0
73,6,38
73,7,5
73,8,3
73,9,1
73,10,42
73,11,1
73,12,10
73,13,52
73,14,36
73,15,0
73,16,0
73,17,0
73,18,36
73,19,1
73,20,50
73,21,17
73,22,46
73,23,0
73,24,5
73,25,23
73,26,1
73,27,122
73,28,4
73,29,45
73,30,0
73,31,0
73,32,2
73,33,24
73,34,3
73,35,5
73,36,6
73,37,47
73,38,24
73,39,0
73,40,54
73,41,0
73,42,21
73,43,3
73,44,2
73,45,10
73,46,0
73,47,13
73,48,41
73,49,1
73,50,0
73,51,5
73,52,9
73,53,13
73,54,1
73,55,11
73,56,6
73,57,10
73,58,52
73,59,29
73,60,0
73,61,17
73,62,4
73,63,27
73,64,6
73,65,1
73,66,25
73,67,13
73,68,50
73,69,21
73,70,2
73,71,5
73,72,0
73,73,0
73,74,1
73,75,1
73,76,0
73,77,0
73,78,0
73,79,1
73,80,2
73,81,8
73,82,4
73,83,0
73,84,1
73,85,1
73,86,38
73,87,0
73,88,2
73,89,0
73,90,0
73,91,0
73,92,104
73,93,21
73,94,1
73,95,0
73,96,2
73,97,2
73,98,2
73,99,3
73,100,6
74,1,44
74,2,40
74,3,109
74,4,52
74,5,3
74,6,21
74,7,28
74,8,19
74,9,23
74,10,13
74,11,55
74,12,83
74,13,26
74,14,32
74,15,20
74,16,48
74,17,0
74,18,12
74,19,1
74,20,28
74,21,30
74,22,9
74,23,45
74,24,36
74,25,6
74,26,57
74,27,1
74,28,37
74,29,3
74,30,37
74,31,3
74,32,23
74,33,8
74,34,35
74,35,31
74,36,15
74,37,10
74,38,2
74,39,0
74,40,10
74,41,0
74,42,3
74,43,17
74,44,24
74,45,39
74,46,31
74,47,6
74,48,10
74,49,3
74,50,49
74,51,8
74,52,10
74,53,3
74,54,22
74,55,9
74,56,28
74,57,1
74,58,3
74,59,0
74,60,2
74,61,3
74,62,26
74,63,0
74,64,14
74,65,32
74,66,0
74,67,7
74,68,0
74,69,4
74,70,15
74,71,21
74,72,20
74,73,1
74,74,0
74,75,3
74,76,1
74,77,8
74,78,10
74,79,23
74,80,5
74,81,3
74,82,14
74,83,1
74,84,28
74,85,5
74,86,5
74,87,1
74,88,14
74,89,1
74,90,3
74,91,5
74,92,3
74,93,0
74,94,9
74,95,18
74,96,3
74,97,20
74,98,12
74,99,12
74,100,6
75,1,2
75,2,7
75,3,5
75,4,4
75,5,79
75,6,1
75,7,2
75,8,0
75,9,1
75,10,0
75,11,6
75,12,3
75,13,4
75,14,2
75,15,1
75,16,1
75,17,51
75,18,6
75,19,59
75,20,4
75,21,4
75,22,1
75,23,4
75,24,2
75,25,0
75,26,2
75,27,0
75,28,8
75,29,1
75,30,5
75,31,59
75,32,3
75,33,0
75,34,2
75,35,3
75,36,5
75,37,0
75,38,0
75,39,48
75,40,4
75,41,52
75,42,0
75,43,4
75,44,0
75,45,3
75,46,2
75,47,4
75,48,3
75,49,30
75,50,5
75,51,0
75,52,4
75,53,0
75,54,4
75,55,3
75,56,2
75,57,0
75,58,8
75,59,0
75,60,0
75,61,0
75,62,2
75,63,0
75,64,0
75,65,0
75,66,1
75,67,0
75,68,0
75,69,0
75,70,2
75,71,1
75,72,1
75,73,1
75,74,3
75,75,0
75,76,26
75,77,0
75,78,1
75,79,1
75,80,12
75,81,1
75,82,6
75,83,0
75,84,0
75,85,1
75,86,0
75,87,54
75,88,0
75,89,0
75,90,2
75,91,29
75,92,0
75,93,0
75,94,10
75,95,4
75,96,1
75,97,3
75,98,8
75,99,2
75,100,0
76,1,1
76,2,2
76,3,3
76,4,2
76,5,95
76,6,2
76,7,0
76,8,1
76,9,1
76,10,2
76,11,2
76,12,1
76,13,5
76,14,2
76,15,1
76,16,0
76,17,23
76,18,5
76,19,64
76,20,2
76,21,5
76,22,1
76,23,1
76,24,1
76,25,1
76,26,1
76,27,1
76,28,3
76,29,0
76,30,2
76,31,35
76,32,0
76,33,1
76,34,3
76,35,0
76,36,0
76,37,3
76,38,1
76,39,13
76,40,0
76,41,36
76,42,0
76,43,0
76,44,0
76,45,0
76,46,2
76,47,5
76,48,4
76,49,41
76,50,2
76,51,1
76,52,0
76,53,1
76,54,0
76,55,0
76,56,0
76,57,1
76,58,6
76,59,0
76,60,1
76,61,1
76,62,0
76,63,0
76,64,0
76,65,0
76,66,2
76,67,0
76,68,0
76,69,0
76,70,0
76,71,0
76,72,1
76,73,0
76,74,1
76,75,26
76,76,0
76,77,0
76,78,0
76,79,1
76,80,9
76,81,0
76,82,2
76,83,0
76,84,0
76,85,0
76,86,0
76,87,43
76,88,0
76,89,0
76,90,1
76,91,19
76,92,0
76,93,1
76,94,5
76,95,5
76,96,0
76,97,2
76,98,6
76,99,1
76,100,2
77,1,4
77,2,13
77,3,12
77,4,41
77,5,1
77,6,20
77,7,34
77,8,33
77,9,27
77,10,4
77,11,8
77,12,9
77,13,1
77,14,0
77,15,18
77,16,6
77,17,4
77,18,17
77,19,0
77,20,3
77,21,8
77,22,2
77,23,9
77,24,1
77,25,1
77,26,10
77,27,0
77,28,2
77,29,0
77,30,2
77,31,0
77,32,3
77,33,12
77,34,7
77,35,6
77,36,10
77,37,0
77,38,1
77,39,1
77,40,0
77,41,0
77,42,2
77,43,3
77,44,0
77,45,7
77,46,9
77,47,5
77,48,4
77,49,1
77,50,2
77,51,2
77,52,0
77,53,4
77,54,3
77,55,22
77,56,0
77,57,1
77,58,0
77,59,2
77,60,16
77,61,1
77,62,8
77,63,2
77,64,1
77,65,0
77,66,2
77,67,17
77,68,1
77,69,2
77,70,4
77,71,2
77,72,1
77,73,0
77,74,8
77,75,0
77,76,0
77,77,0
77,78,19
77,79,0
77,80,2
77,81,7
77,82,2
77,83,3
77,84,0
77,85,15
77,86,1
77,87,0
77,88,3
77,89,6
77,90,1
77,91,0
77,92,0
77,93,3
77,94,2
77,95,0
77,96,5
77,97,3
77,98,2
77,99,4
77,100,5
78,1,19
78,2,9
78,3,24
78,4,42
78,5,4
78,6,3
78,7,20
78,8,23
78,9,15
78,10,2
78,11,16
78,12,16
78,13,12
78,14,12
78,15,17
78,16,52
78,17,3
78,18,8
78,19,0
78,20,14
78,21,2
78,22,0
78,23,21
78,24,8
78,25,3
78,26,9
78,27,0
78,28,13
78,29,0
78,30,16
78,31,0
78,32,11
78,33,3
78,34,25
78,35,20
78,36,9
78,37,5
78,38,4
78,39,2
78,40,5
78,41,1
78,42,7
78,43,16
78,44,16
78,45,20
78,46,9
78,47,4
78,48,4
78,49,1
78,50,28
78,51,9
78,52,5
78,53,0
78,54,9
78,55,10
78,56,4
78,57,0
78,58,2
78,59,0
78,60,11
78,61,1
78,62,6
78,63,2
78,64,5
78,65,10
78,66,1
78,67,6
78,68,0
78,69,2
78,70,19
78,71,14
78,72,6
78,73,0
78,74,10
78,75,1
78,76,0
78,77,19
78,78,0
78,79,22
78,80,2
78,81,6
78,82,6
78,83,0
78,84,8
78,85,4
78,86,2
78,87,0
78,88,10
78,89,5
78,90,2
78,91,0
78,92,1
78,93,0
78,94,4
78,95,6
78,96,4
78,97,8
78,98,0
78,99,7
78,100,2
79,1,39
79,2,56
79,3,69
79,4,32
79,5,6
79,6,5
79,7,14
79,8,27
79,9,37
79,10,16
79,11,32
79,12,23
79,13,51
79,14,20
79,15,8
79,16,59
79,17,11
79,18,3
79,19,3
79,20,14
79,21,13
79,22,12
79,23,46
79,24,21
79,25,6
79,26,20
79,27,3
79,28,36
79,29,2
79,30,50
79,31,5
79,32,14
79,33,0
79,34,20
79,35,47
79,36,25
79,37,11
79,38,0
79,39,6
79,40,17
79,41,5
79,42,3
79,43,28
79,44,10
79,45,12
79,46,32
79,47,7
79,48,5
79,49,3
79,50,26
79,51,36
79,52,14
79,53,0
79,54,41
79,55,13
79,56,15
79,57,1
79,58,5
79,59,0
79,60,1
79,61,2
79,62,4
79,63,1
79,64,8
79,65,7
79,66,0
79,67,4
79,68,1
79,69,0
79,70,5
79,71,21
79,72,10
79,73,1
79,74,23
79,75,1
79,76,1
79,77,0
79,78,22
79,79,0
79,80,3
79,81,2
79,82,11
79,83,0
79,84,25
79,85,1
79,86,1
79,87,2
79,88,18
79,89,2
79,90,1
79,91,4
79,92,0
79,93,0
79,94,9
79,95,34
79,96,6
79,97,24
79,98,7
79,99,18
79,100,7
80,1,16
80,2,12
80,3,29
80,4,16
80,5,22
80,6,14
80,7,15
80,8,5
80,9,5
80,10,3
80,11,17
80,12,12
80,13,7
80,14,8
80,15,8
80,16,18
80,17,8
80,18,6
80,19,15
80,20,9
80,21,10
80,22,9
80,23,6
80,24,12
80,25,10
80,26,13
80,27,1
80,28,5
80,29,4
80,30,7
80,31,12
80,32,7
80,33,3
80,34,9
80,35,5
80,36,1
80,37,3
80,38,37
80,39,3
80,40,7
80,41,18
80,42,9
80,43,4
80,44,7
80,45,10
80,46,13
80,47,4
80,48,4
80,49,10
80,50,14
80,51,4
80,52,4
80,53,3
80,54,6
80,55,4
80,56,6
80,57,4
80,58,5
80,59,4
80,60,8
80,61,4
80,62,9
80,63,5
80,64,0
80,65,4
80,66,1
80,67,4
80,68,1
80,69,3
80,70,7
80,71,4
80,72,3
80,73,2
80,74,5
80,75,12
80,76,9
80,77,2
80,78,2
80,79,3
80,80,0
80,81,0
80,82,1
80,83,0
80,84,3
80,85,0
80,86,4
80,87,10
80,88,11
80,89,0
80,90,2
80,91,9
80,92,1
80,93,3
80,94,8
80,95,5
80,96,5
80,97,4
80,98,14
80,99,8
80,100,3
81,1,20
81,2,14
81,3,14
81,4,45
81,5,0
81,6,3
81,7,9
81,8,34
81,9,16
81,10,3
81,11,17
81,12,21
81,13,4
81,14,4
81,15,19
81,16,8
81,17,2
81,18,9
81,19,0
81,20,12
81,21,1
81,22,2
81,23,8
81,24,24
81,25,1
81,26,35
81,27,18
81,28,24
81,29,1
81,30,7
81,31,0
81,32,16
81,33,3
81,34,10
81,35,10
81,36,9
81,37,3
81,38,4
81,39,1
81,40,5
81,41,0
81,42,3
81,43,10
81,44,8
81,45,10
81,46,7
81,47,16
81,48,6
81,49,0
81,50,12
81,51,14
81,52,1
81,53,2
81,54,4
81,55,6
81,56,3
81,57,0
81,58,3
81,59,3
81,60,12
81,61,5
81,62,20
81,63,4
81,64,3
81,65,8
81,66,12
81,67,44
81,68,40
81,69,2
81,70,2
81,71,6
81,72,3
81,73,8
81,74,3
81,75,1
81,76,0
81,77,7
81,78,6
81,79,2
81,80,0
81,81,0
81,82,1
81,83,1
81,84,5
81,85,19
81,86,4
81,87,0
81,88,8
81,89,25
81,90,0
81,91,0
81,92,6
81,93,4
81,94,1
81,95,3
81,96,15
81,97,1
81,98,0
81,99,8
81,100,3
82,1,26
82,2,24
82,3,36
82,4,19
82,5,10
82,6,16
82,7,7
82,8,4
82,9,2
82,10,2
82,11,22
82,12,22
82,13,21
82,14,26
82,15,4
82,16,22
82,17,2
82,18,16
82,19,8
82,20,19
82,21,33
82,22,7
82,23,47
82,24,15
82,25,10
82,26,15
82,27,9
82,28,31
82,29,6
82,30,37
82,31,6
82,32,4
82,33,8
82,34,30
82,35,18
82,36,10
82,37,2
82,38,3
82,39,4
82,40,16
82,41,5
82,42,4
82,43,15
82,44,3
82,45,32
82,46,12
82,47,14
82,48,16
82,49,5
82,50,16
82,51,2
82,52,47
82,53,1
82,54,16
82,55,2
82,56,10
82,57,10
82,58,10
82,59,1
82,60,0
82,61,1
82,62,3
82,63,2
82,64,1
82,65,23
82,66,2
82,67,4
82,68,2
82,69,3
82,70,10
82,71,8
82,72,23
82,73,4
82,74,14
82,75,6
82,76,2
82,77,2
82,78,6
82,79,11
82,80,1
82,81,1
82,82,0
82,83,0
82,84,7
82,85,2
82,86,4
82,87,3
82,88,7
82,89,0
82,90,2
82,91,10
82,92,2
82,93,0
82,94,14
82,95,10
82,96,0
82,97,23
82,98,6
82,99,7
82,100,8
83,1,0
83,2,0
83,3,6
83,4,25
83,5,0
83,6,15
83,7,195
83,8,9
83,9,46
83,10,0
83,11,1
83,12,7
83,13,0
83,14,0
83,15,19
83,16,0
83,17,0
83,18,4
83,19,0
83,20,3
83,21,0
83,22,5
83,23,0
83,24,1
83,25,3
83,26,0
83,27,0
83,28,0
83,29,0
83,30,0
83,31,0
83,32,8
83,33,0
83,34,0
83,35,1
83,36,0
83,37,0
83,38,1
83,39,0
83,40,0
83,41,0
83,42,0
83,43,1
83,44,0
83,45,0
83,46,4
83,47,1
83,48,3
83,49,0
83,50,0
83,51,0
83,52,0
83,53,4
83,54,0
83,55,2
83,56,1
83,57,0
83,58,0
83,59,0
83,60,19
83,61,0
83,62,0
83,63,0
83,64,2
83,65,0
83,66,0
83,67,2
83,68,0
83,69,0
83,70,0
83,71,0
83,72,0
83,73,0
83,74,1
83,75,0
83,76,0
83,77,3
83,78,0
83,79,0
83,80,0
83,81,1
83,82,0
83,83,0
83,84,0
83,85,14
83,86,0
83,87,0
83,88,0
83,89,0
83,90,1
83,91,0
83,92,0
83,93,1
83,94,0
83,95,0
83,96,1
83,97,0
83,98,1
83,99,0
83,100,3
84,1,68
84,2,67
84,3,92
84,4,11
84,5,2
84,6,14
84,7,19
84,8,14
84,9,39
84,10,20
84,11,33
84,12,59
84,13,35
84,14,19
84,15,81
84,16,49
84,17,3
84,18,8
84,19,0
84,20,14
84,21,13
84,22,4
84,23,44
84,24,70
84,25,8
84,26,39
84,27,5
84,28,33
84,29,6
84,30,43
84,31,3
84,32,47
84,33,4
84,34,29
84,35,39
84,36,33
84,37,8
84,38,1
84,39,1
84,40,8
84,41,0
84,42,12
84,43,23
84,44,23
84,45,15
84,46,39
84,47,7
84,48,5
84,49,2
84,50,54
84,51,20
84,52,2
84,53,1
84,54,20
84,55,4
84,56,7
84,57,4
84,58,1
84,59,1
84,60,3
84,61,1
84,62,22
84,63,1
84,64,9
84,65,19
84,66,0
84,67,12
84,68,0
84,69,5
84,70,6
84,71,21
84,72,41
84,73,1
84,74,28
84,75,0
84,76,0
84,77,0
84,78,8
84,79,25
84,80,3
84,81,5
84,82,7
84,83,0
84,84,0
84,85,13
84,86,2
84,87,0
84,88,18
84,89,3
84,90,1
84,91,2
84,92,6
84,93,4
84,94,4
84,95,32
84,96,22
84,97,24
84,98,11
84,99,18
84,100,17
85,1,55
85,2,9
85,3,39
85,4,42
85,5,0
85,6,103
85,7,33
85,8,25
85,9,17
85,10,2
85,11,6
85,12,21
85,13,1
85,14,5
85,15,24
85,16,3
85,17,2
85,18,6
85,19,0
85,20,2
85,21,0
85,22,2
85,23,4
85,24,95
85,25,2
85,26,26
85,27,2
85,28,6
85,29,1
85,30,15
85,31,0
85,32,57
85,33,3
85,34,5
85,35,4
85,36,31
85,37,0
85,38,2
85,39,1
85,40,1
85,41,0
85,42,1
85,43,9
85,44,7
85,45,0
85,46,7
85,47,18
85,48,12
85,49,0
85,50,9
85,51,15
85,52,0
85,53,10
85,54,4
85,55,8
85,56,1
85,57,0
85,58,2
85,59,1
85,60,28
85,61,1
85,62,5
85,63,1
85,64,2
85,65,7
85,66,2
85,67,14
85,68,1
85,69,1
85,70,1
85,71,8
85,72,1
85,73,1
85,74,5
85,75,1
85,76,0
85,77,15
85,78,4
85,79,1
85,80,0
85,81,19
85,82,2
85,83,14
85,84,13
85,85,0
85,86,2
85,87,0
85,88,1
85,89,4
85,90,0
85,91,0
85,92,1
85,93,1
85,94,3
85,95,9
85,96,23
85,97,1
85,98,0
85,99,7
85,100,9
86,1,106
86,2,4
86,3,4
86,4,1
86,5,0
86,6,43
86,7,5
86,8,6
86,9,1
86,10,58
86,11,5
86,12,7
86,13,26
86,14,20
86,15,2
86,16,6
86,17,1
86,18,23
86,19,0
86,20,29
86,21,18
86,22,46
86,23,2
86,24,1
86,25,121
86,26,9
86,27,51
86,28,3
86,29,105
86,30,5
86,31,1
86,32,0
86,33,46
86,34,2
86,35,1
86,36,3
86,37,123
86,38,73
86,39,0
86,40,22
86,41,0
86,42,51
86,43,0
86,44,7
86,45,0
86,46,3
86,47,22
86,48,24
86,49,3
86,50,5
86,51,1
86,52,12
86,53,22
86,54,0
86,55,2
86,56,0
86,57,64
86,58,18
86,59,67
86,60,2
86,61,24
86,62,2
86,63,59
86,64,21
86,65,1
86,66,25
86,67,18
86,68,45
86,69,29
86,70,1
86,71,2
86,72,1
86,73,38
86,74,5
86,75,0
86,76,0
86,77,1
86,78,2
86,79,1
86,80,4
86,81,4
86,82,4
86,83,0
86,84,2
86,85,2
86,86,0
86,87,0
86,88,0
86,89,0
86,90,1
86,91,0
86,92,18
86,93,19
86,94,7
86,95,3
86,96,0
86,97,4
86,98,5
86,99,0
86,100,4
87,1,2
87,2,1
87,3,2
87,4,0
87,5,65
87,6,0
87,7,0
87,8,1
87,9,2
87,10,0
87,11,0
87,12,0
87,13,1
87,14,0
87,15,1
87,16,2
87,17,10
87,18,3
87,19,79
87,20,4
87,21,1
87,22,0
87,23,1
87,24,3
87,25,0
87,26,1
87,27,0
87,28,0
87,29,0
87,30,3
87,31,26
87,32,1
87,33,0
87,34,0
87,35,1
87,36,0
87,37,0
87,38,3
87,39,12
87,40,2
87,41,47
87,42,0
87,43,0
87,44,0
87,45,0
87,46,2
87,47,4
87,48,2
87,49,31
87,50,1
87,51,1
87,52,0
87,53,0
87,54,0
87,55,0
87,56,2
87,57,0
87,58,6
87,59,0
87,60,0
87,61,0
87,62,0
87,63,0
87,64,0
87,65,1
87,66,1
87,67,0
87,68,0
87,69,0
87,70,0
87,71,0
87,72,1
87,73,0
87,74,1
87,75,54
87,76,43
87,77,0
87,78,0
87,79,2
87,80,10
87,81,0
87,82,3
87,83,0
87,84,0
87,85,0
87,86,0
87,87,0
87,88,0
87,89,0
87,90,1
87,91,26
87,92,0
87,93,0
87,94,7
87,95,1
87,96,1
87,97,0
87,98,5
87,99,0
87,100,0
88,1,71
88,2,25
88,3,100
88,4,14
88,5,1
88,6,12
88,7,20
88,8,9
88,9,7
88,10,3
88,11,29
88,12,105
88,13,17
88,14,22
88,15,62
88,16,34
88,17,3
88,18,16
88,19,1
88,20,5
88,21,1
88,22,10
88,23,49
88,24,33
88,25,6
88,26,46
88,27,2
88,28,38
88,29,5
88,30,21
88,31,2
88,32,51
88,33,6
88,34,104
88,35,48
88,36,16
88,37,16
88,38,4
88,39,3
88,40,14
88,41,0
88,42,3
88,43,35
88,44,22
88,45,38
88,46,26
88,47,11
88,48,10
88,49,0
88,50,40
88,51,58
88,52,3
88,53,1
88,54,22
88,55,1
88,56,17
88,57,1
88,58,1
88,59,0
88,60,3
88,61,1
88,62,31
88,63,1
88,64,1
88,65,22
88,66,1
88,67,18
88,68,5
88,69,16
88,70,7
88,71,30
88,72,18
88,73,2
88,74,14
88,75,0
88,76,0
88,77,3
88,78,10
88,79,18
88,80,11
88,81,8
88,82,7
88,83,0
88,84,18
88,85,1
88,86,0
88,87,0
88,88,0
88,89,1
88,90,43
88,91,1
88,92,5
88,93,10
88,94,2
88,95,21
88,96,28
88,97,20
88,98,13
88,99,25
88,100,58
89,1,14
89,2,8
89,3,12
89,4,84
89,5,0
89,6,6
89,7,11
89,8,74
89,9,26
89,10,1
89,11,2
89,12,7
89,13,4
89,14,4
89,15,10
89,16,2
89,17,12
89,18,0
89,19,0
89,20,0
89,21,0
89,22,0
89,23,4
89,24,3
89,25,1
89,26,9
89,27,14
89,28,4
89,29,0
89,30,3
89,31,0
89,32,3
89,33,0
89,34,8
89,35,6
89,36,9
89,37,1
89,38,1
89,39,1
89,40,2
89,41,0
89,42,0
89,43,4
89,44,4
89,45,1
89,46,6
89,47,4
89,48,0
89,49,0
89,50,4
89,51,11
89,52,0
89,53,0
89,54,1
89,55,14
89,56,1
89,57,0
89,58,2
89,59,0
89,60,7
89,61,0
89,62,7
89,63,0
89,64,0
89,65,4
89,66,0
89,67,1
89,68,1
89,69,0
89,70,2
89,71,5
89,72,0
89,73,0
89,74,1
89,75,0
89,76,0
89,77,6
89,78,5
89,79,2
89,80,0
89,81,25
89,82,0
89,83,0
89,84,3
89,85,4
89,86,0
89,87,0
89,88,1
89,89,0
89,90,0
89,91,0
89,92,0
89,93,0
89,94,0
89,95,2
89,96,5
89,97,3
89,98,0
89,99,16
89,100,1
90,1,10
90,2,1
90,3,20
90,4,8
90,5,3
90,6,6
90,7,0
90,8,3
90,9,0
90,10,2
90,11,23
90,12,86
90,13,3
90,14,5
90,15,38
90,16,3
90,17,2
90,18,10
90,19,2
90,20,13
90,21,4
90,22,5
90,23,6
90,24,4
90,25,1
90,26,5
90,27,0
90,28,4
90,29,0
90,30,0
90,31,2
90,32,2
90,33,1
90,34,4
90,35,6
90,36,1
90,37,1
90,38,3
90,39,0
90,40,6
90,41,7
90,42,8
90,43,12
90,44,3
90,45,57
90,46,4
90,47,1
90,48,2
90,49,1
90,50,11
90,51,3
90,52,9
90,53,0
90,54,2
90,55,0
90,56,17
90,57,1
90,58,2
90,59,1
90,60,4
90,61,4
90,62,5
90,63,2
90,64,1
90,65,3
90,66,2
90,67,0
90,68,0
90,69,10
90,70,5
90,71,5
90,72,0
90,73,0
90,74,3
90,75,2
90,76,1
90,77,1
90,78,2
90,79,1
90,80,2
90,81,0
90,82,2
90,83,1
90,84,1
90,85,0
90,86,1
90,87,1
90,88,43
90,89,0
90,90,0
90,91,3
90,92,0
90,93,3
90,94,3
90,95,0
90,96,1
90,97,4
90,98,3
90,99,2
90,100,2
91,1,4
91,2,0
91,3,1
91,4,3
91,5,72
91,6,3
91,7,1
91,8,1
91,9,1
91,10,0
91,11,7
91,12,3
91,13,1
91,14,2
91,15,1
91,16,1
91,17,29
91,18,8
91,19,59
91,20,5
91,21,2
91,22,3
91,23,4
91,24,2
91,25,0
91,26,2
91,27,0
91,28,6
91,29,2
91,30,7
91,31,48
91,32,0
91,33,1
91,34,6
91,35,4
91,36,0
91,37,4
91,38,1
91,39,15
91,40,6
91,41,45
91,42,0
91,43,0
91,44,3
91,45,4
91,46,0
91,47,8
91,48,1
91,49,34
91,50,5
91,51,1
91,52,10
91,53,0
91,54,3
91,55,0
91,56,1
91,57,1
91,58,4
91,59,1
91,60,1
91,61,1
91,62,0
91,63,0
91,64,1
91,65,3
91,66,2
91,67,0
91,68,0
91,69,1
91,70,1
91,71,3
91,72,1
91,73,0
91,74,5
91,75,29
91,76,19
91,77,0
91,78,0
91,79,4
91,80,9
91,81,0
91,82,10
91,83,0
91,84,2
91,85,0
91,86,0
91,87,26
91,88,1
91,89,0
91,90,3
91,91,0
91,92,0
91,93,0
91,94,10
91,95,7
91,96,0
91,97,2
91,98,4
91,99,2
91,100,0
92,1,33
92,2,17
92,3,10
92,4,0
92,5,0
92,6,51
92,7,9
92,8,3
92,9,0
92,10,23
92,11,5
92,12,12
92,13,22
92,14,21
92,15,5
92,16,3
92,17,0
92,18,42
92,19,0
92,20,31
92,21,13
92,22,13
92,23,4
92,24,7
92,25,15
92,26,1
92,27,27
92,28,7
92,29,22
92,30,5
92,31,0
92,32,8
92,33,25
92,34,5
92,35,5
92,36,4
92,37,13
92,38,21
92,39,1
92,40,27
92,41,0
92,42,14
92,43,1
92,44,4
92,45,6
92,46,2
92,47,12
92,48,14
92,49,0
92,50,3
92,51,2
92,52,7
92,53,17
92,54,4
92,55,2
92,56,7
92,57,17
92,58,19
92,59,15
92,60,0
92,61,78
92,62,7
92,63,18
92,64,7
92,65,6
92,66,23
92,67,10
92,68,39
92,69,18
92,70,1
92,71,5
92,72,2
92,73,104
92,74,3
92,75,0
92,76,0
92,77,0
92,78,1
92,79,0
92,80,1
92,81,6
92,82,2
92,83,0
92,84,6
92,85,1
92,86,18
92,87,0
92,88,5
92,89,0
92,90,0
92,91,0
92,92,0
92,93,17
92,94,1
92,95,3
92,96,3
92,97,1
92,98,2
92,99,4
92,100,9
93,1,30
93,2,1
93,3,9
93,4,2
93,5,0
93,6,213
93,7,3
93,8,2
93,9,1
93,10,50
93,11,6
93,12,7
93,13,23
93,14,18
93,15,0
93,16,3
93,17,1
93,18,155
93,19,0
93,20,24
93,21,13
93,22,49
93,23,4
93,24,4
93,25,16
93,26,9
93,27,24
93,28,8
93,29,17
93,30,0
93,31,0
93,32,13
93,33,101
93,34,10
93,35,5
93,36,10
93,37,11
93,38,39
93,39,0
93,40,24
93,41,0
93,42,25
93,43,4
93,44,0
93,45,9
93,46,1
93,47,5
93,48,24
93,49,1
93,50,1
93,51,9
93,52,10
93,53,22
93,54,1
93,55,3
93,56,4
93,57,24
93,58,21
93,59,37
93,60,1
93,61,33
93,62,4
93,63,55
93,64,14
93,65,3
93,66,22
93,67,38
93,68,44
93,69,112
93,70,1
93,71,4
93,72,0
93,73,21
93,74,0
93,75,0
93,76,1
93,77,3
93,78,0
93,79,0
93,80,3
93,81,4
93,82,0
93,83,1
93,84,4
93,85,1
93,86,19
93,87,0
93,88,10
93,89,0
93,90,3
93,91,0
93,92,17
93,93,0
93,94,3
93,95,0
93,96,5
93,97,0
93,98,1
93,99,2
93,100,9
94,1,30
94,2,9
94,3,50
94,4,9
94,5,14
94,6,42
94,7,13
94,8,6
94,9,10
94,10,39
94,11,16
94,12,16
94,13,8
94,14,38
94,15,3
94,16,19
94,17,2
94,18,27
94,19,6
94,20,15
94,21,39
94,22,23
94,23,12
94,24,8
94,25,34
94,26,14
94,27,6
94,28,18
94,29,15
94,30,5
94,31,7
94,32,2
94,33,11
94,34,9
94,35,8
94,36,4
94,37,12
94,38,8
94,39,4
94,40,16
94,41,9
94,42,9
94,43,9
94,44,4
94,45,16
94,46,10
94,47,20
94,48,15
94,49,11
94,50,12
94,51,5
94,52,15
94,53,9
94,54,3
94,55,3
94,56,5
94,57,19
94,58,5
94,59,5
94,60,0
94,61,6
94,62,4
94,63,5
94,64,19
94,65,5
94,66,1
94,67,4
94,68,0
94,69,9
94,70,12
94,71,7
94,72,6
94,73,1
94,74,9
94,75,10
94,76,5
94,77,2
94,78,4
94,79,9
94,80,8
94,81,1
94,82,14
94,83,0
94,84,4
94,85,3
94,86,7
94,87,7
94,88,2
94,89,0
94,90,3
94,91,10
94,92,1
94,93,3
94,94,0
94,95,2
94,96,0
94,97,10
94,98,7
94,99,2
94,100,17
95,1,51
95,2,76
95,3,50
95,4,11
95,5,11
95,6,5
95,7,12
95,8,12
95,9,9
95,10,3
95,11,26
95,12,38
95,13,22
95,14,23
95,15,29
95,16,30
95,17,11
95,18,3
95,19,6
95,20,8
95,21,8
95,22,3
95,23,91
95,24,39
95,25,6
95,26,25
95,27,2
95,28,25
95,29,1
95,30,115
95,31,6
95,32,23
95,33,1
95,34,24
95,35,37
95,36,30
95,37,6
95,38,0
95,39,5
95,40,13
95,41,5
95,42,4
95,43,32
95,44,19
95,45,8
95,46,27
95,47,4
95,48,6
95,49,8
95,50,35
95,51,22
95,52,6
95,53,2
95,54,43
95,55,10
95,56,12
95,57,1
95,58,3
95,59,0
95,60,1
95,61,2
95,62,25
95,63,0
95,64,4
95,65,18
95,66,1
95,67,3
95,68,1
95,69,2
95,70,5
95,71,26
95,72,21
95,73,0
95,74,18
95,75,4
95,76,5
95,77,0
95,78,6
95,79,34
95,80,5
95,81,3
95,82,10
95,83,0
95,84,32
95,85,9
95,86,3
95,87,1
95,88,21
95,89,2
95,90,0
95,91,7
95,92,3
95,93,0
95,94,2
95,95,0
95,96,10
95,97,15
95,98,12
95,99,22
95,100,13
96,1,188
96,2,14
96,3,28
96,4,12
96,5,2
96,6,2
96,7,34
96,8,7
96,9,9
96,10,5
96,11,10
96,12,68
96,13,13
96,14,21
96,15,30
96,16,16
96,17,6
96,18,8
96,19,0
96,20,9
96,21,2
96,22,2
96,23,29
96,24,51
96,25,4
96,26,115
96,27,5
96,28,31
96,29,1
96,30,16
96,31,1
96,32,185
96,33,3
96,34,24
96,35,22
96,36,6
96,37,3
96,38,4
96,39,4
96,40,3
96,41,0
96,42,4
96,43,41
96,44,25
96,45,12
96,46,24
96,47,5
96,48,6
96,49,1
96,50,40
96,51,109
96,52,0
96,53,4
96,54,8
96,55,6
96,56,5
96,57,1
96,58,4
96,59,2
96,60,5
96,61,1
96,62,27
96,63,1
96,64,1
96,65,14
96,66,3
96,67,11
96,68,7
96,69,2
96,70,4
96,71,24
96,72,4
96,73,2
96,74,3
96,75,1
96,76,0
96,77,5
96,78,4
96,79,6
96,80,5
96,81,15
96,82,0
96,83,1
96,84,22
96,85,23
96,86,0
96,87,1
96,88,28
96,89,5
96,90,1
96,91,0
96,92,3
96,93,5
96,94,0
96,95,10
96,96,0
96,97,10
96,98,9
96,99,14
96,100,6
97,1,65
97,2,43
97,3,70
97,4,10
97,5,2
97,6,12
97,7,10
97,8,31
97,9,9
97,10,2
97,11,31
97,12,38
97,13,37
97,14,23
97,15,15
97,16,38
97,17,6
97,18,11
97,19,2
97,20,17
97,21,12
97,22,1
97,23,47
97,24,21
97,25,12
97,26,31
97,27,8
97,28,29
97,29,7
97,30,27
97,31,3
97,32,34
97,33,10
97,34,29
97,35,31
97,36,17
97,37,36
97,38,2
97,39,2
97,40,15
97,41,2
97,42,4
97,43,36
97,44,30
97,45,20
97,46,21
97,47,9
97,48,9
97,49,0
97,50,39
97,51,30
97,52,4
97,53,2
97,54,14
97,55,7
97,56,17
97,57,8
97,58,15
97,59,1
97,60,1
97,61,1
97,62,29
97,63,1
97,64,3
97,65,16
97,66,3
97,67,12
97,68,7
97,69,3
97,70,7
97,71,24
97,72,21
97,73,2
97,74,20
97,75,3
97,76,2
97,77,3
97,78,8
97,79,24
97,80,4
97,81,1
97,82,23
97,83,0
97,84,24
97,85,1
97,86,4
97,87,0
97,88,20
97,89,3
97,90,4
97,91,2
97,92,1
97,93,0
97,94,10
97,95,15
97,96,10
97,97,0
97,98,16
97,99,7
97,100,14
98,1,36
98,2,23
98,3,37
98,4,7
98,5,13
98,6,10
98,7,14
98,8,46
98,9,16
98,10,13
98,11,31
98,12,32
98,13,17
98,14,12
98,15,9
98,16,15
98,17,7
98,18,9
98,19,12
98,20,6
98,21,8
98,22,20
98,23,16
98,24,14
98,25,25
98,26,22
98,27,1
98,28,15
98,29,14
98,30,13
98,31,8
98,32,14
98,33,7
98,34,25
98,35,9
98,36,10
98,37,20
98,38,7
98,39,0
98,40,0
98,41,8
98,42,6
98,43,8
98,44,23
98,45,4
98,46,12
98,47,10
98,48,7
98,49,8
98,50,16
98,51,16
98,52,5
98,53,4
98,54,3
98,55,9
98,56,41
98,57,9
98,58,3
98,59,2
98,60,3
98,61,3
98,62,29
98,63,1
98,64,9
98,65,13
98,66,3
98,67,4
98,68,1
98,69,2
98,70,4
98,71,6
98,72,49
98,73,2
98,74,12
98,75,8
98,76,6
98,77,2
98,78,0
98,79,7
98,80,14
98,81,0
98,82,6
98,83,1
98,84,11
98,85,0
98,86,5
98,87,5
98,88,13
98,89,0
98,90,3
98,91,4
98,92,2
98,93,1
98,94,7
98,95,12
98,96,9
98,97,16
98,98,0
98,99,30
98,100,7
99,1,51
99,2,33
99,3,71
99,4,21
99,5,3
99,6,10
99,7,9
99,8,37
99,9,4
99,10,2
99,11,23
99,12,32
99,13,15
99,14,11
99,15,12
99,16,26
99,17,1
99,18,6
99,19,1
99,20,8
99,21,8
99,22,2
99,23,28
99,24,20
99,25,2
99,26,22
99,27,8
99,28,26
99,29,4
99,30,22
99,31,1
99,32,27
99,33,1
99,34,25
99,35,65
99,36,23
99,37,7
99,38,2
99,39,1
99,40,6
99,41,2
99,42,4
99,43,42
99,44,20
99,45,19
99,46,19
99,47,8
99,48,4
99,49,1
99,50,17
99,51,30
99,52,6
99,53,0
99,54,12
99,55,20
99,56,27
99,57,0
99,58,2
99,59,1
99,60,1
99,61,4
99,62,24
99,63,1
99,64,3
99,65,19
99,66,4
99,67,8
99,68,1
99,69,1
99,70,8
99,71,16
99,72,19
99,73,3
99,74,12
99,75,2
99,76,1
99,77,4
99,78,7
99,79,18
99,80,8
99,81,8
99,82,7
99,83,0
99,84,18
99,85,7
99,86,0
99,87,0
99,88,25
99,89,16
99,90,2
99,91,2
99,92,4
99,93,2
99,94,2
99,95,22
99,96,14
99,97,7
99,98,30
99,99,0
99,100,20
100,1,36
100,2,30
100,3,44
100,4,28
100,5,3
100,6,32
100,7,13
100,8,10
100,9,8
100,10,15
100,11,20
100,12,30
100,13,20
100,14,32
100,15,42
100,16,18
100,17,6
100,18,24
100,19,0
100,20,37
100,21,16
100,22,17
100,23,23
100,24,27
100,25,14
100,26,19
100,27,12
100,28,19
100,29,10
100,30,21
100,31,0
100,32,15
100,33,16
100,34,38
100,35,35
100,36,12
100,37,7
100,38,5
100,39,2
100,40,13
100,41,0
100,42,21
100,43,10
100,44,10
100,45,18
100,46,20
100,47,19
100,48,14
100,49,0
100,50,14
100,51,25
100,52,12
100,53,18
100,54,17
100,55,9
100,56,8
100,57,10
100,58,6
100,59,5
100,60,3
100,61,11
100,62,13
100,63,5
100,64,9
100,65,16
100,66,2
100,67,22
100,68,6
100,69,12
100,70,5
100,71,17
100,72,17
100,73,6
100,74,6
100,75,0
100,76,2
100,77,5
100,78,2
100,79,7
100,80,3
100,81,3
100,82,8
100,83,3
100,84,17
100,85,9
100,86,4
100,87,0
100,88,58
100,89,1
100,90,2
100,91,0
100,92,9
100,93,9
100,94,17
100,95,13
100,96,6
100,97,14
100,98,7
100,99,20
100,100,0
