date,Alabama,Alaska,Arizona,Arkansas,California,Colorado,Connecticut,Delaware,District of Columbia,Florida,Georgia,Hawaii,Idaho,Illinois,Indiana,Iowa,Kansas,Kentucky,Louisiana,Maine,Maryland,Massachusetts,Michigan,Minnesota,Mississippi,Missouri,Montana,Nebraska,Nevada,New Hampshire,New Jersey,New Mexico,New York,North Carolina,North Dakota,Ohio,Oklahoma,Oregon,Pennsylvania,Rhode Island,South Carolina,South Dakota,Tennessee,Texas,Utah,Vermont,Virginia,Washington,West Virginia,Wisconsin,Wyoming,National
20160101,41,50,31,16,37,1,39,23,47,24,32,2,17,49,25,13,10,40,42,15,20,21,26,14,48,18,27,5,44,3,19,45,33,35,6,36,9,28,29,43,34,4,22,11,7,8,12,46,51,30,38,0
20160201,47,50,27,18,37,4,41,21,48,19,33,1,13,49,30,14,9,43,40,15,23,20,24,12,42,25,26,5,38,2,22,44,31,39,6,34,17,28,29,45,35,3,16,11,8,7,10,46,51,32,36,0
20160301,44,51,28,8,36,5,47,16,48,21,31,3,12,49,34,15,9,40,45,13,22,19,29,20,37,23,25,4,41,2,26,46,30,32,10,33,17,24,35,42,38,1,11,18,7,6,14,43,50,27,39,0
20160401,40,51,41,7,37,10,43,19,42,26,34,5,11,49,30,12,8,29,45,13,25,14,23,15,35,20,17,3,48,1,32,46,28,36,6,31,21,27,38,33,39,2,18,22,16,4,9,44,50,24,47,0
20160501,45,51,41,15,30,11,39,20,37,27,31,6,7,44,25,9,12,36,48,10,22,16,28,8,49,21,13,3,50,1,35,47,23,32,5,29,33,26,42,38,34,2,17,24,18,4,14,43,46,19,40,0
20160601,46,47,45,13,40,9,41,22,43,24,35,8,6,42,21,12,17,34,50,7,19,16,25,10,48,26,14,3,49,1,27,51,20,30,5,28,32,33,37,31,38,2,29,23,15,4,11,36,44,18,39,0
20160701,42,44,47,17,43,7,36,19,46,26,32,4,8,37,18,13,22,28,50,9,20,14,33,10,48,29,11,6,49,3,38,51,24,25,2,21,30,40,45,39,34,1,23,27,12,5,15,41,35,16,31,0
20150101,30,44,36,33,45,12,37,19,51,21,34,5,16,41,28,13,14,29,46,22,23,20,39,10,47,24,17,1,49,6,42,40,31,25,2,26,7,32,27,50,43,4,38,11,3,8,15,35,48,18,9,0
20150201,33,49,34,30,46,14,39,18,50,21,35,4,15,40,22,9,13,26,41,27,24,19,31,12,42,32,16,1,47,7,45,44,36,28,2,23,8,37,25,48,43,3,29,10,5,6,17,38,51,20,11,0
20150301,34,49,37,29,46,14,40,18,50,23,35,3,15,38,19,8,12,27,43,24,25,20,36,11,41,31,16,1,48,6,44,45,30,28,2,21,9,42,26,47,39,4,32,10,5,7,17,33,51,22,13,0
20150401,35,49,43,29,46,11,38,22,48,30,39,7,15,33,18,5,16,25,45,23,26,21,27,8,40,28,12,1,50,6,41,47,32,36,2,20,10,37,24,44,42,3,34,13,4,9,17,31,51,19,14,0
20150501,42,45,38,27,43,12,31,18,48,29,44,8,11,34,22,6,14,28,46,16,24,23,37,7,50,25,9,2,49,4,35,47,26,39,1,21,17,32,30,40,41,3,36,15,10,5,20,33,51,19,13,0
20150601,44,45,43,28,39,12,31,22,48,32,41,10,9,37,18,5,15,29,46,13,26,23,35,7,49,24,11,3,47,4,33,51,25,38,1,21,19,36,30,34,42,2,40,17,8,6,16,27,50,20,14,0
20150701,46,29,44,28,43,11,30,21,50,31,40,5,12,39,18,6,19,32,45,14,24,23,42,7,47,25,8,4,48,3,34,51,26,41,1,22,15,35,33,36,37,2,38,20,10,9,16,27,49,17,13,0
20150801,46,33,47,23,44,6,34,25,51,35,40,7,14,38,20,8,17,26,45,9,28,22,29,5,43,24,10,3,48,4,30,49,27,41,1,18,15,36,31,39,42,2,37,21,12,11,19,32,50,16,13,0
20150901,44,43,48,23,40,5,31,26,51,36,41,12,11,37,17,6,13,28,46,10,30,29,24,7,47,20,9,3,50,4,32,49,27,38,1,21,18,34,25,33,42,2,39,22,8,14,19,35,45,16,15,0
20151001,43,47,46,20,44,8,31,26,51,33,39,10,11,40,21,7,13,29,45,12,32,25,27,5,48,17,14,3,49,4,30,50,28,38,1,22,19,35,23,34,41,2,36,24,9,6,18,37,42,15,16,0
20151101,42,50,41,20,45,8,31,21,51,32,33,9,12,46,25,6,11,35,39,13,29,26,18,7,47,14,16,2,48,4,27,49,30,40,1,28,17,36,22,34,37,3,38,23,5,10,15,43,44,19,24,0
20151201,43,50,40,25,42,8,32,20,49,31,34,2,12,46,23,9,10,41,33,13,29,26,24,11,51,14,21,3,47,4,22,48,30,37,1,27,16,36,17,35,39,5,38,18,6,7,15,44,45,19,28,0
20140101,39,42,32,37,47,19,38,22,44,23,34,5,17,49,24,10,7,45,14,29,18,25,46,12,48,31,16,2,50,8,40,33,35,27,1,36,11,43,28,51,21,3,26,15,4,6,13,30,41,20,9,0
20140201,40,41,26,32,46,18,35,21,43,23,36,6,17,50,27,8,10,47,12,31,19,22,48,13,45,38,16,2,49,9,39,30,37,28,1,33,11,42,24,51,20,3,29,14,5,4,15,34,44,25,7,0
20140301,40,42,33,24,48,19,37,21,43,25,38,6,16,47,26,8,11,45,15,29,20,22,49,12,46,36,17,2,50,10,39,34,35,30,1,23,9,44,27,51,18,3,32,13,4,5,14,31,41,28,7,0
20140401,34,47,36,28,49,20,37,29,48,32,42,11,16,43,22,5,7,40,17,35,23,24,46,8,44,26,13,2,51,12,38,39,33,30,1,18,6,45,21,50,19,4,31,14,3,9,15,27,41,25,10,0
20140501,39,42,40,28,45,15,41,21,47,32,46,11,12,44,24,6,14,43,29,22,23,19,48,7,51,30,9,2,50,10,35,36,31,34,1,20,13,37,26,49,25,3,33,16,4,5,17,27,38,18,8,0
20140601,44,40,41,27,45,15,32,24,49,29,47,14,10,42,21,5,12,36,38,16,25,23,48,8,51,30,11,3,50,9,33,46,28,31,1,22,13,37,26,43,34,2,39,18,6,4,17,20,35,19,7,0
20140701,44,26,40,27,46,14,35,20,49,33,47,11,13,41,23,5,15,32,39,16,24,21,51,8,50,31,10,3,48,9,38,43,28,34,1,25,12,37,29,45,36,2,42,19,6,7,17,22,30,18,4,0
20140801,41,28,45,23,48,13,33,22,51,36,49,11,14,38,24,8,15,25,46,16,26,21,43,4,44,30,9,2,50,10,34,39,31,35,1,20,12,37,29,47,42,3,40,18,7,6,19,27,32,17,5,0
20140901,37,34,45,26,47,11,35,24,51,38,46,15,12,36,22,7,13,23,48,17,25,29,41,4,49,27,8,2,50,9,40,42,30,31,1,20,14,33,21,43,44,3,39,18,5,10,19,28,32,16,6,0
20141001,33,38,44,25,47,10,35,26,51,34,45,14,11,36,27,7,12,21,48,18,28,22,41,4,49,23,13,2,50,9,39,42,29,31,1,20,15,40,24,43,46,3,37,17,6,5,19,30,32,16,8,0
20141101,31,45,41,26,49,10,35,18,51,33,42,11,15,36,28,6,9,23,48,25,27,20,29,3,44,24,14,2,50,8,39,43,32,30,1,21,12,40,22,46,47,4,37,16,5,7,19,38,34,17,13,0
20141201,30,47,43,31,48,13,32,18,51,33,42,6,15,35,28,12,10,20,46,24,26,21,34,7,49,25,16,2,50,8,39,40,29,27,1,22,11,37,23,44,45,4,36,14,3,5,19,38,41,17,9,0
20130101,27,22,26,32,48,25,33,21,38,30,39,4,20,49,43,8,9,37,23,28,16,18,46,12,47,19,14,2,51,10,44,17,40,45,1,35,7,42,36,50,41,3,34,15,6,5,13,31,29,24,11,0
20130201,26,27,22,29,48,25,36,23,41,24,37,4,20,49,42,7,10,40,16,32,17,19,47,11,46,21,14,2,51,12,45,18,39,43,1,34,8,44,33,50,38,3,35,15,6,5,13,30,31,28,9,0
20130301,21,28,30,26,49,29,38,23,44,24,39,4,22,48,41,8,10,42,17,35,18,19,47,11,43,20,15,2,51,12,45,16,36,40,1,31,7,46,33,50,34,3,37,14,6,5,13,27,25,32,9,0
20130401,17,30,34,31,49,26,38,27,45,28,42,5,20,48,37,7,9,40,21,33,18,22,46,10,43,16,14,2,51,11,47,19,35,41,1,25,8,44,29,50,36,3,39,15,4,6,13,24,23,32,12,0
20130501,23,26,34,33,46,27,38,20,44,30,43,8,14,47,39,6,12,41,29,24,25,21,48,9,49,22,10,3,51,11,45,18,35,42,1,31,13,36,32,50,37,2,40,16,7,4,15,28,17,19,5,0
20130601,27,19,38,28,47,25,33,20,44,29,45,10,14,50,37,6,12,42,34,16,21,26,49,9,48,22,11,3,51,7,40,30,31,43,1,35,13,36,32,46,39,2,41,18,8,4,15,23,17,24,5,0
20130701,29,16,40,32,47,21,38,22,44,30,45,7,13,49,31,6,14,42,26,17,23,25,51,9,46,27,11,3,50,10,43,28,33,41,1,34,12,36,35,48,37,2,39,19,8,5,15,24,18,20,4,0
20130801,33,17,45,29,47,20,39,23,46,34,43,9,15,49,30,6,13,40,26,14,21,24,48,7,44,27,10,3,51,11,41,28,35,38,1,31,12,36,32,50,37,2,42,18,8,5,16,25,22,19,4,0
20130901,33,21,43,29,47,19,38,22,48,34,44,12,14,49,28,6,11,41,26,16,23,27,46,8,45,24,9,2,51,10,42,30,39,35,1,36,13,31,32,50,37,3,40,20,5,7,15,25,18,17,4,0
20131001,32,27,42,28,47,20,38,21,48,33,44,12,13,49,30,5,10,43,23,15,25,24,45,6,46,18,11,3,51,9,41,31,39,35,1,36,14,37,29,50,34,2,40,19,7,4,16,26,22,17,8,0
20131101,32,36,41,26,48,20,37,17,47,29,43,11,16,49,30,6,8,44,15,24,21,22,46,5,45,19,12,2,50,10,39,33,40,38,1,34,13,42,27,51,28,3,35,18,4,7,14,31,25,23,9,0
20131201,33,40,41,38,48,20,36,18,45,27,44,6,15,49,28,7,8,42,12,22,19,21,46,9,47,24,16,2,50,10,39,34,37,31,1,29,13,43,25,51,26,3,32,17,4,5,14,35,30,23,11,0
20120101,24,25,33,28,49,29,31,18,47,35,42,13,34,41,37,7,9,36,22,32,14,16,43,11,45,19,17,2,51,6,40,20,38,46,1,30,4,44,26,50,48,3,27,15,8,5,12,39,23,21,10,0
20120201,29,26,30,22,49,33,31,20,44,34,43,11,32,41,36,6,9,37,17,35,18,16,42,12,38,21,14,2,51,7,45,19,39,47,1,27,5,46,23,50,48,3,24,15,10,4,13,40,28,25,8,0
20120301,26,29,30,22,49,32,33,20,45,34,42,13,31,41,36,6,10,35,18,37,16,14,46,12,38,21,17,2,51,7,47,19,39,43,1,23,4,48,24,50,44,3,27,15,9,5,11,40,25,28,8,0
20120401,26,29,33,24,49,34,38,25,43,39,46,13,31,41,32,5,11,30,20,35,17,15,42,8,36,18,14,2,51,6,48,19,40,44,1,21,4,47,22,50,45,3,27,16,9,7,12,37,28,23,10,0
20120501,31,24,35,26,49,32,37,19,42,38,43,14,20,41,33,4,11,34,25,28,21,15,45,8,44,16,12,2,51,9,48,17,39,46,1,22,6,40,29,50,47,3,30,18,10,5,13,36,27,23,7,0
20120601,39,18,38,25,50,28,35,22,41,40,44,14,15,42,33,4,11,32,30,19,20,16,45,10,47,17,12,2,51,7,43,27,36,46,1,24,8,37,31,49,48,3,34,21,9,5,13,29,26,23,6,0
20120701,39,14,40,29,50,26,35,22,38,41,44,12,16,42,32,4,13,33,27,18,19,17,49,11,46,23,8,3,51,9,47,25,36,45,1,28,7,37,34,48,43,2,31,20,10,5,15,30,24,21,6,0
20120801,36,14,39,27,50,29,38,25,40,42,44,12,18,43,33,6,13,32,26,16,21,17,46,11,41,22,8,2,51,9,45,23,35,48,1,24,7,37,34,49,47,3,31,19,10,4,15,30,28,20,5,0
20120901,33,16,38,27,49,28,39,29,47,40,45,13,17,41,34,4,11,35,21,20,23,22,42,8,46,18,9,2,51,12,48,25,36,43,1,24,10,37,32,50,44,3,31,19,7,5,14,30,26,15,6,0
20121001,32,20,36,27,50,29,38,28,44,39,45,13,17,42,35,5,11,33,21,22,23,16,41,6,46,18,12,2,51,9,48,24,37,47,1,25,10,40,34,49,43,3,31,19,8,4,14,30,26,15,7,0
20121101,26,24,35,27,49,32,38,21,46,37,43,11,25,45,40,5,8,34,15,28,20,17,39,7,41,18,14,2,51,12,48,22,36,47,1,23,9,44,31,50,42,3,30,16,6,4,13,33,29,19,10,0
20121201,24,25,35,29,50,30,31,22,41,37,43,5,23,48,39,7,8,36,16,26,20,17,44,9,46,18,14,2,51,12,45,21,38,47,1,27,10,40,32,49,42,3,33,15,6,4,13,34,28,19,11,0
20110101,46,21,32,27,50,26,29,17,31,43,44,8,35,36,33,7,11,41,22,25,13,18,48,12,39,30,19,2,51,4,34,14,24,45,1,38,5,42,20,49,47,3,37,16,15,6,9,40,28,23,10,0
20110201,44,22,28,26,50,24,29,19,38,39,40,8,33,36,30,6,11,45,15,27,13,18,48,12,41,32,20,2,51,4,37,14,23,46,1,34,7,42,21,49,47,3,35,17,16,5,9,43,31,25,10,0
20110301,39,23,32,24,50,26,33,19,41,44,42,8,36,34,29,6,11,43,18,28,12,16,48,14,38,30,21,2,51,3,37,13,22,45,1,31,4,46,20,49,47,5,35,17,15,7,9,40,27,25,10,0
20110401,41,23,39,26,50,28,32,21,43,44,45,11,33,35,29,5,10,36,19,30,13,16,47,12,40,27,17,2,51,4,37,14,22,46,1,31,6,42,18,49,48,3,34,20,15,7,8,38,25,24,9,0
20110501,41,19,35,28,50,29,33,15,44,42,43,13,26,38,31,5,10,40,21,27,16,17,48,9,46,30,12,2,51,4,37,18,24,45,1,32,7,36,22,49,47,3,34,20,14,6,11,39,25,23,8,0
20110601,43,15,40,28,50,25,31,18,46,41,44,14,20,39,32,7,9,38,29,19,16,17,49,10,47,30,12,3,51,5,35,21,23,45,1,33,8,36,26,42,48,2,37,27,13,4,11,34,22,24,6,0
20110701,39,11,40,30,50,24,31,19,43,44,45,14,21,41,34,5,12,38,25,16,18,17,49,15,42,29,9,3,51,6,37,23,27,46,1,35,8,36,28,48,47,2,32,26,13,7,10,33,20,22,4,0
20110801,40,11,41,25,50,26,31,19,44,42,45,14,21,43,37,6,12,34,27,15,18,16,46,9,39,30,10,2,51,7,36,22,28,47,1,32,8,38,29,48,49,3,35,24,13,4,17,33,23,20,5,0
20110901,39,13,40,26,50,27,31,20,46,42,47,17,21,41,36,5,12,37,24,15,19,18,44,9,43,29,10,2,51,6,38,23,30,45,1,32,8,34,25,48,49,3,35,28,11,7,14,33,22,16,4,0
20111001,36,17,40,24,50,29,30,20,46,42,47,16,21,43,37,5,11,34,25,18,19,14,41,8,44,28,12,3,51,6,39,23,31,45,1,32,9,38,26,49,48,2,33,27,10,4,13,35,22,15,7,0
20111101,31,25,37,26,50,32,33,15,47,43,45,18,30,42,38,4,11,35,19,27,17,14,36,7,44,22,13,2,51,6,40,23,34,46,1,28,8,41,24,49,48,3,29,20,9,5,12,39,21,16,10,0
20111201,31,28,36,29,50,33,26,16,45,40,46,13,32,43,37,6,9,34,20,25,17,15,41,10,44,22,14,2,51,5,39,21,35,47,1,27,7,42,24,49,48,3,30,18,8,4,12,38,23,19,11,0
20100101,47,19,35,21,49,20,25,23,30,38,34,6,33,46,41,7,9,39,14,22,11,27,51,17,40,31,15,2,50,4,32,12,28,43,1,44,8,42,26,45,48,3,36,18,16,5,10,37,24,29,13,0
20100201,47,21,34,20,49,19,24,23,28,37,36,4,31,41,40,7,9,42,8,25,14,22,51,16,39,33,17,2,50,5,30,13,26,46,1,43,10,44,27,45,48,3,35,18,15,6,12,38,29,32,11,0
20100301,42,20,34,15,49,23,25,22,29,39,35,5,30,43,46,6,10,40,9,26,13,21,51,19,37,32,17,2,50,4,31,14,24,44,1,41,7,48,27,47,45,3,36,16,18,8,12,38,28,33,11,0
20100401,40,20,39,16,49,24,29,25,28,43,36,8,32,42,44,4,9,37,12,26,13,21,50,14,35,31,15,2,51,5,33,18,27,45,1,41,6,47,22,48,46,3,34,19,17,7,10,38,23,30,11,0
20100501,35,16,38,19,49,27,30,20,31,45,40,8,25,41,42,4,9,39,15,21,14,23,50,12,43,32,10,2,51,5,33,22,24,47,1,36,11,44,29,48,46,3,34,18,17,6,13,37,26,28,7,0
20100601,40,15,41,17,49,28,30,24,32,47,42,13,23,38,39,5,9,36,25,16,14,19,50,12,43,33,10,3,51,4,31,29,20,45,1,37,8,44,26,46,48,2,34,21,18,6,11,35,22,27,7,0
20100701,38,10,43,21,49,28,30,22,32,47,42,11,18,41,39,4,14,36,23,15,16,19,50,13,44,34,8,3,51,5,35,29,26,45,1,37,9,40,27,48,46,2,31,24,17,7,12,33,20,25,6,0
20100801,39,10,44,19,49,27,30,22,33,48,45,11,23,40,41,7,14,37,29,15,16,17,50,12,34,36,8,2,51,4,31,24,25,43,1,38,9,42,26,47,46,3,32,20,18,5,13,35,28,21,6,0
20100901,41,13,44,20,50,29,30,25,35,48,45,14,21,36,37,6,10,39,27,15,16,22,49,12,42,32,8,2,51,4,33,23,28,43,1,38,9,40,19,46,47,3,31,24,17,7,11,34,26,18,5,0
20101001,42,14,44,20,50,29,30,24,38,48,45,13,26,35,36,6,12,39,27,15,16,19,49,9,40,31,10,2,51,5,32,22,28,43,1,37,8,41,21,47,46,3,33,23,17,4,11,34,25,18,7,0
20101101,41,17,42,21,50,29,30,18,34,49,45,12,28,35,37,5,9,38,24,22,15,19,47,10,39,32,13,2,51,4,31,16,27,44,1,36,8,43,23,46,48,3,33,25,14,6,11,40,26,20,7,0
20101201,41,23,39,25,50,29,28,16,36,46,45,9,30,37,32,6,10,38,22,24,13,17,49,12,43,33,18,2,51,4,31,14,26,44,1,34,8,42,19,47,48,3,35,21,15,5,11,40,27,20,7,0
20090101,41,28,33,29,46,14,19,22,31,38,39,9,34,36,42,17,8,44,16,32,11,25,51,26,35,37,20,1,45,6,30,12,23,47,2,40,5,49,24,50,48,3,43,10,15,18,7,27,13,21,4,0
20090201,43,25,30,22,45,14,18,23,28,36,37,11,32,39,42,15,7,46,6,34,13,21,51,26,35,38,20,1,40,8,31,12,27,47,2,41,5,50,24,49,48,3,44,10,17,16,9,29,19,33,4,0
20090301,41,26,33,20,46,14,17,23,27,38,37,12,30,39,44,13,7,45,5,34,11,21,51,28,31,35,22,1,42,10,32,15,24,43,2,40,4,50,25,49,47,3,48,8,16,18,9,29,19,36,6,0
20090401,40,27,36,21,46,12,19,28,29,38,37,16,23,39,41,8,9,43,5,32,10,18,51,25,33,30,14,2,47,11,34,17,24,44,1,42,4,50,20,49,48,3,45,6,15,22,7,31,26,35,13,0
20090501,42,21,35,23,43,14,18,24,32,39,37,15,30,38,41,4,12,44,7,28,13,22,51,19,36,34,5,2,47,6,33,20,25,45,1,40,8,50,26,48,49,3,46,17,16,11,10,31,27,29,9,0
20090601,49,16,36,19,45,13,18,27,33,39,37,17,30,38,40,5,11,44,14,20,12,22,51,21,35,34,6,2,47,4,32,28,23,41,1,42,8,48,24,43,50,3,46,26,15,9,10,31,25,29,7,0
20090701,50,11,38,21,48,14,22,23,32,43,36,13,30,42,37,7,18,40,15,17,12,24,51,19,35,33,4,3,49,5,34,25,26,41,1,39,8,45,27,46,47,2,44,28,16,9,10,31,20,29,6,0
20090801,50,10,43,18,47,16,24,25,35,45,36,13,30,40,37,8,14,39,17,15,12,23,51,19,32,34,5,2,49,6,31,21,28,41,1,38,9,44,26,46,48,3,42,27,20,7,11,33,22,29,4,0
20090901,48,13,45,20,47,15,25,27,36,46,38,21,28,41,35,4,14,37,11,17,12,29,51,18,34,31,5,3,50,8,32,22,30,42,1,39,9,40,23,44,49,2,43,26,16,6,10,33,19,24,7,0
20091001,49,20,45,21,48,18,27,28,36,46,41,14,29,42,37,6,10,34,12,16,15,25,51,13,35,31,7,2,50,5,32,19,30,43,1,39,11,40,23,44,47,3,38,24,17,4,9,33,22,26,8,0
20091101,47,23,45,18,49,20,25,26,37,46,39,13,30,42,38,4,7,34,9,22,14,27,51,15,33,31,10,2,50,5,32,17,29,43,1,40,8,41,21,44,48,3,35,24,16,6,12,36,19,28,11,0
20091201,47,18,38,21,49,19,25,26,33,46,36,8,32,44,39,6,9,34,10,22,12,27,51,15,40,30,13,2,50,4,31,14,28,45,1,42,7,43,23,41,48,3,35,20,17,5,11,37,24,29,16,0
20080101,19,50,18,37,47,15,31,13,45,21,27,2,10,42,28,14,16,40,20,38,5,32,51,34,48,39,25,4,36,11,23,12,35,29,8,46,9,43,33,49,44,1,41,17,3,22,6,30,24,26,7,0
20080201,21,51,18,31,48,19,32,15,42,20,25,1,12,43,26,16,17,47,10,39,5,24,50,27,44,40,28,3,37,13,23,11,33,29,9,45,6,46,30,49,38,2,41,14,7,22,8,35,34,36,4,0
20080301,19,50,20,21,48,18,33,12,41,22,28,2,10,39,35,13,17,47,14,40,5,23,51,37,42,43,34,3,38,15,24,11,29,30,9,45,4,46,26,49,36,1,44,16,6,27,8,31,25,32,7,0
20080401,16,50,26,27,48,18,31,17,39,32,34,9,37,40,23,13,14,45,10,42,7,24,49,35,38,28,29,3,47,11,21,12,25,33,6,43,2,46,19,51,41,1,44,15,4,36,8,30,20,22,5,0
20080501,23,49,35,30,47,15,33,13,40,36,38,9,22,45,32,8,16,43,17,31,11,28,51,24,48,39,18,4,41,6,25,12,26,37,1,44,7,34,27,50,42,2,46,21,5,14,10,29,19,20,3,0
20080601,33,45,37,27,48,17,30,15,41,39,38,14,19,46,32,7,13,42,28,20,10,31,51,29,49,34,21,4,40,5,23,18,24,35,3,43,8,36,26,50,44,1,47,22,6,12,9,25,11,16,2,0
20080701,31,32,40,28,49,19,33,16,41,44,37,11,20,42,34,9,17,38,22,21,12,30,51,25,48,39,14,4,43,5,29,18,26,35,3,46,6,36,27,50,45,2,47,23,7,13,10,24,8,15,1,0
20080801,32,31,46,23,49,18,33,20,36,47,38,12,21,40,34,9,19,39,27,17,13,29,51,24,41,42,14,4,44,5,25,15,28,35,2,43,6,37,30,50,48,3,45,22,7,11,10,26,8,16,1,0
20080901,31,32,46,24,49,17,35,25,42,45,41,19,20,36,29,9,15,40,30,21,12,33,50,26,43,37,16,4,47,6,27,14,28,34,2,39,8,38,18,51,48,3,44,22,5,13,10,23,7,11,1,0
20081001,34,35,43,22,49,16,31,30,42,46,44,17,23,37,33,8,14,38,24,25,15,29,50,20,40,36,18,4,47,5,27,13,28,32,1,39,9,45,21,51,48,3,41,19,6,11,10,26,7,12,2,0
20081101,34,36,42,24,50,17,28,25,43,44,41,19,32,33,37,10,11,38,18,30,14,29,47,20,31,35,21,3,48,6,23,12,26,45,1,39,8,49,22,51,46,4,40,15,5,13,9,27,7,16,2,0
20081201,34,31,39,25,46,17,20,22,37,41,42,18,32,35,43,13,9,40,15,30,14,26,50,27,36,33,21,2,47,5,28,11,24,45,1,38,6,48,23,51,49,4,44,16,10,12,8,29,7,19,3,0
20070101,15,50,13,43,38,16,25,8,44,6,17,1,18,33,35,19,20,47,27,34,11,41,51,36,49,37,9,4,21,14,26,12,28,30,10,46,22,45,29,42,48,7,31,24,2,23,3,39,32,40,5,0
20070201,16,51,8,43,36,15,26,12,41,5,18,1,17,33,35,21,24,48,14,37,10,34,50,32,49,38,9,6,20,19,27,11,29,30,13,44,25,45,28,39,47,7,31,22,2,23,3,40,42,46,4,0
20070301,13,51,9,39,40,14,25,11,44,6,17,2,15,31,33,21,23,48,18,41,7,34,50,38,49,35,10,3,24,19,26,12,27,28,16,45,22,46,29,42,43,8,30,20,1,32,4,36,37,47,5,0
20070401,10,50,15,42,43,13,22,14,40,11,26,2,7,36,31,17,19,44,23,41,8,33,51,37,49,29,9,3,30,18,27,16,28,34,12,48,20,45,21,39,46,5,24,25,1,32,4,35,38,47,6,0
20070501,11,50,15,48,43,12,27,9,44,17,22,3,1,35,28,13,23,46,29,37,14,33,51,24,49,38,8,10,25,16,26,18,30,39,4,47,32,40,31,41,45,5,20,21,2,19,6,36,34,42,7,0
20070601,18,49,14,45,43,15,23,10,46,17,34,6,1,41,24,11,20,44,39,21,13,35,51,30,50,42,12,7,25,9,19,22,26,37,8,47,31,38,27,36,48,2,28,32,3,16,5,29,33,40,4,0
20070701,19,44,16,49,45,13,34,11,46,20,37,5,1,40,24,8,25,41,29,22,14,30,51,21,50,42,12,9,26,10,31,17,35,38,6,47,18,39,32,43,48,2,27,33,4,15,7,28,23,36,3,0
20070801,21,43,19,42,44,14,33,9,48,28,34,4,2,41,26,11,22,39,27,18,12,23,51,24,49,45,13,7,29,10,20,15,30,37,5,46,17,40,31,47,50,3,35,25,6,16,8,32,36,38,1,0
20070901,18,47,19,43,45,14,30,10,49,32,38,8,1,40,23,13,24,41,20,25,11,33,51,31,50,44,12,6,36,9,21,15,34,35,3,46,17,37,22,42,48,4,39,27,5,16,7,28,26,29,2,0
20071001,17,50,20,37,46,14,32,12,47,33,38,7,4,39,22,10,27,40,18,31,11,23,51,24,49,43,16,6,35,9,21,15,34,36,1,45,19,41,28,44,48,2,42,25,5,13,8,30,26,29,3,0
20071101,18,50,20,39,48,16,32,10,49,30,33,8,6,40,29,12,21,38,15,34,9,25,51,22,46,42,19,5,35,11,23,13,31,36,3,44,14,41,26,45,47,2,43,27,1,17,7,37,24,28,4,0
20071201,22,50,19,38,48,16,25,10,44,29,37,5,13,41,30,14,17,40,18,31,6,26,51,32,49,42,20,2,35,7,23,11,33,36,8,45,12,39,27,46,47,4,43,21,3,15,9,34,24,28,1,0
20060101,14,50,17,38,32,25,23,15,42,2,21,1,33,36,37,18,22,47,44,34,7,39,49,24,51,27,19,4,11,8,28,16,26,20,9,43,12,46,29,45,48,5,41,35,6,13,3,40,30,31,10,0
20060201,18,51,16,36,29,23,21,13,44,2,24,1,26,32,40,17,22,47,19,33,9,34,49,25,50,37,20,4,11,8,35,14,30,27,10,45,15,46,28,41,48,5,38,31,7,12,3,42,39,43,6,0
20060301,10,51,17,33,35,27,21,11,45,2,22,1,23,29,40,14,24,47,19,36,8,37,50,26,48,30,20,4,15,9,34,16,31,25,12,41,13,46,28,42,49,5,43,32,6,18,3,39,38,44,7,0
20060401,10,51,21,41,35,25,19,11,43,2,28,1,17,30,42,12,22,47,23,31,13,36,50,20,48,26,14,5,24,8,37,18,32,29,9,45,15,46,27,33,49,3,44,38,6,16,4,34,39,40,7,0
20060501,16,50,19,45,28,24,23,12,46,5,33,1,2,25,42,13,21,47,26,29,17,34,51,14,49,27,10,6,18,11,36,22,30,35,3,43,20,39,32,37,48,4,44,38,7,15,8,40,41,31,9,0
20060601,24,48,21,42,29,25,19,14,47,7,36,8,1,26,37,11,22,46,38,20,17,39,51,15,50,30,12,4,16,9,27,33,23,34,10,43,18,40,31,28,49,2,45,44,5,13,6,35,41,32,3,0
20060701,22,44,23,43,34,19,24,12,48,13,35,1,2,26,41,10,27,47,20,21,18,30,51,15,50,33,6,11,17,8,38,28,29,36,4,45,16,39,31,40,49,5,46,42,7,14,9,32,37,25,3,0
20060801,21,46,27,40,33,20,28,13,48,14,34,1,4,24,39,15,29,44,25,17,19,30,51,11,49,41,5,6,18,9,31,22,23,35,3,45,16,42,32,36,50,7,47,37,8,12,10,38,43,26,2,0
20060901,17,47,30,42,33,18,26,11,48,13,34,4,1,20,35,12,27,46,28,22,16,43,51,15,49,41,5,7,21,10,32,23,29,36,2,45,19,37,24,31,50,8,44,38,3,14,9,39,40,25,6,0
20061001,16,49,22,40,41,17,23,14,47,12,42,1,3,18,33,13,30,46,29,31,19,34,51,15,48,43,5,7,20,10,24,21,25,37,4,45,26,44,27,32,50,8,38,35,2,11,6,39,36,28,9,0
20061101,16,50,19,42,41,20,24,5,47,11,33,2,7,21,37,12,25,45,26,35,15,36,51,17,48,38,8,3,22,13,27,18,28,40,9,46,23,44,29,30,49,6,39,34,1,14,4,43,31,32,10,0
20061201,17,50,16,43,41,18,19,4,47,10,32,1,11,29,38,20,21,44,22,34,14,39,51,30,49,40,7,5,24,12,23,13,25,36,8,46,26,45,27,33,48,9,35,28,2,15,3,42,31,37,6,0
20050101,19,51,15,36,38,26,20,8,50,5,18,1,23,43,39,21,32,37,40,24,9,25,49,16,48,41,27,10,11,3,13,28,29,30,6,45,17,47,31,35,46,12,42,34,14,4,2,44,33,22,7,0
20050201,20,51,12,35,37,27,21,10,49,4,25,1,19,41,40,17,26,42,28,31,13,22,50,15,45,43,23,9,8,6,18,24,29,36,7,46,16,48,32,30,47,11,39,33,14,5,2,44,38,34,3,0
20050301,14,51,15,26,37,34,22,8,49,2,24,1,19,39,40,17,27,44,28,36,11,23,50,20,46,43,25,9,5,6,18,31,21,29,10,47,16,48,35,32,45,12,41,30,13,7,3,42,38,33,4,0
20050401,9,51,21,29,38,31,24,10,48,2,32,1,19,44,39,15,25,43,33,36,12,22,50,17,46,40,20,7,13,3,14,30,26,34,4,45,18,49,23,27,47,11,41,37,16,8,5,42,35,28,6,0
20050501,15,49,20,37,31,26,32,8,48,5,38,1,9,42,34,12,27,45,43,28,18,22,50,10,51,39,16,11,13,4,17,33,24,35,2,44,23,46,29,25,47,14,41,36,19,3,7,40,30,21,6,0
20050601,24,47,21,34,32,30,27,16,48,9,38,1,4,42,33,12,28,44,46,19,17,25,49,10,51,35,18,11,13,3,14,40,20,36,6,43,26,45,29,22,50,7,41,39,15,2,8,37,31,23,5,0
20050701,20,44,24,41,35,25,29,15,48,10,37,1,6,42,32,12,30,45,47,21,16,23,51,7,50,33,13,11,17,5,22,38,26,39,2,43,18,46,27,34,49,8,36,40,14,3,9,31,28,19,4,0
20050801,22,45,28,35,31,24,29,17,46,11,38,1,7,41,36,13,30,44,48,18,14,23,49,5,50,27,12,8,15,6,19,32,25,33,2,42,21,47,26,37,51,10,39,43,16,3,9,40,34,20,4,0
20050901,20,47,28,32,37,24,26,17,46,11,44,2,3,41,38,13,29,42,51,21,14,33,48,12,50,34,10,8,18,6,22,30,36,35,1,45,16,43,23,25,49,7,31,40,15,4,9,39,27,19,5,0
20051001,20,48,28,29,37,23,24,19,46,10,42,2,4,41,38,13,31,44,51,21,15,25,47,11,50,32,12,8,16,5,22,33,34,35,1,43,18,45,26,30,49,6,39,40,14,3,7,36,27,17,9,0
20051101,18,48,22,25,38,28,23,13,44,9,35,1,11,36,39,14,29,46,51,26,15,30,47,12,50,37,16,4,17,5,31,24,34,33,2,43,19,45,32,27,49,6,40,41,8,3,7,42,20,21,10,0
20051201,15,50,20,35,36,32,16,14,45,2,37,1,11,39,42,24,22,46,48,26,8,29,47,17,51,30,18,12,13,4,31,21,33,27,6,43,19,44,25,34,49,9,40,38,7,5,3,41,23,28,10,0
20040101,37,51,15,38,43,31,17,4,46,11,6,1,39,44,21,14,25,32,40,16,8,29,48,22,33,23,26,7,13,9,24,28,45,34,5,42,18,50,30,35,47,2,20,41,19,10,3,49,36,27,12,0
20040201,34,51,14,39,41,35,19,7,47,10,3,1,36,44,27,15,29,40,20,21,11,28,48,18,22,30,23,5,12,13,24,25,45,31,6,42,16,50,32,33,46,2,17,37,26,8,4,49,43,38,9,0
20040301,29,51,15,36,46,33,17,3,48,13,8,1,37,42,30,14,26,40,31,18,9,23,49,24,19,34,25,2,12,10,20,27,43,32,4,44,16,50,35,28,45,5,21,38,22,11,6,47,39,41,7,0
20040401,28,51,24,38,45,33,20,8,49,13,11,1,29,43,21,12,30,34,39,18,9,25,48,15,26,35,19,4,14,6,22,31,42,36,2,44,16,50,27,37,46,3,17,41,23,10,5,47,40,32,7,0
20040501,34,50,21,40,41,29,24,4,51,15,18,2,16,45,27,10,30,35,42,17,11,28,48,13,43,36,14,8,12,6,20,31,38,37,1,44,22,49,32,25,47,5,19,39,26,3,9,46,33,23,7,0
20040601,36,50,24,37,41,31,20,8,51,17,21,6,12,43,22,13,29,32,46,10,14,28,48,16,45,38,15,7,11,2,18,39,34,35,3,44,25,49,33,19,47,4,26,42,27,1,9,40,30,23,5,0
20040701,38,46,27,39,42,28,21,9,51,19,22,2,11,41,29,10,34,31,43,12,15,25,50,16,47,44,13,7,14,5,23,36,35,32,1,45,17,49,33,30,48,6,26,40,24,3,8,37,20,18,4,0
20040801,40,45,31,33,41,28,22,10,51,20,24,2,14,44,25,15,36,23,42,9,12,21,48,16,46,47,13,7,11,5,18,37,32,29,1,43,17,50,34,30,49,6,35,38,26,3,8,39,27,19,4,0
20040901,39,48,29,33,40,32,23,9,51,25,27,4,11,41,28,16,36,24,42,12,10,30,49,17,46,44,13,8,14,3,18,34,35,26,1,45,20,47,31,21,50,5,37,43,22,2,7,38,19,15,6,0
20041001,39,50,26,28,43,32,20,10,51,25,29,3,14,44,34,15,35,24,41,16,12,21,46,11,48,40,17,8,9,4,18,33,36,30,1,45,27,47,31,19,49,5,37,42,22,2,6,38,23,13,7,0
20041101,34,50,20,28,44,35,21,7,51,17,29,2,22,42,36,14,32,27,38,25,13,23,48,10,46,40,18,6,11,4,12,30,33,37,1,45,26,47,31,19,49,8,39,41,15,3,5,43,24,16,9,0
20041201,28,50,17,36,41,33,14,5,51,15,32,1,24,43,37,22,29,27,38,25,11,19,49,16,47,42,23,7,12,2,9,31,34,35,6,45,20,46,30,21,48,10,40,39,13,3,4,44,26,18,8,0
20030101,26,51,25,29,44,30,20,5,39,13,10,1,36,45,14,11,18,35,40,16,6,28,46,15,47,23,17,3,21,8,31,24,42,41,7,37,19,50,34,32,48,2,22,43,27,9,4,49,38,33,12,0
20030201,26,51,21,30,45,31,22,8,42,13,9,1,35,46,18,11,16,43,28,23,6,27,48,14,36,24,15,3,17,7,32,25,40,37,5,41,19,50,34,29,44,2,20,38,33,10,4,49,47,39,12,0
20030301,20,50,23,27,47,33,21,7,45,10,8,1,40,46,18,11,15,39,34,24,5,28,48,16,36,25,19,3,14,9,32,26,37,35,6,42,17,51,30,29,38,2,22,41,31,12,4,49,43,44,13,0
20030401,22,50,29,31,47,33,23,8,40,14,12,2,37,42,16,9,17,34,38,24,6,26,48,15,35,19,11,3,20,7,32,27,39,43,5,41,18,51,28,21,44,1,25,46,30,13,4,49,45,36,10,0
20030501,25,50,26,35,40,33,23,3,43,17,15,5,20,41,18,7,21,39,44,14,12,27,48,13,46,28,8,4,16,9,34,29,36,42,2,37,32,51,30,19,45,1,22,47,31,6,10,49,38,24,11,0
20030601,38,48,29,32,41,30,18,8,42,21,19,13,14,43,20,9,22,37,49,11,12,24,50,15,44,31,10,5,17,6,26,36,33,39,2,40,27,51,23,16,45,1,34,46,25,3,7,47,35,28,4,0
20030701,33,42,30,36,43,28,20,11,46,21,17,9,15,44,22,10,32,37,47,13,12,26,50,14,40,29,5,6,16,7,34,38,35,41,2,39,18,51,23,19,48,1,27,45,24,4,8,49,31,25,3,0
20030801,40,42,38,32,43,30,21,11,46,24,15,7,17,47,18,12,25,31,44,9,13,26,48,14,34,33,10,4,16,8,27,35,39,41,1,36,19,51,22,20,49,2,28,45,29,5,6,50,37,23,3,0
20030901,39,47,38,31,43,29,22,6,46,26,13,14,15,44,18,10,27,32,41,12,11,35,48,16,33,30,7,4,19,8,34,36,42,40,1,37,24,51,21,17,50,2,28,45,23,9,5,49,25,20,3,0
20031001,41,50,33,29,45,35,22,7,48,21,13,11,19,43,20,9,30,31,38,15,10,27,46,14,39,23,12,4,16,8,32,36,42,40,1,34,28,51,24,17,49,2,37,44,25,3,6,47,26,18,5,0
20031101,40,51,24,33,46,39,22,3,47,18,12,8,29,42,20,9,31,34,35,16,11,30,43,13,32,25,17,4,14,7,26,36,44,41,1,37,27,50,28,15,48,2,38,45,21,6,5,49,23,19,10,0
20031201,39,51,19,36,44,40,15,1,47,12,9,3,35,45,22,13,28,32,33,16,10,29,46,17,37,26,23,4,14,8,24,34,43,38,2,41,27,50,25,18,48,6,30,42,20,7,5,49,31,21,11,0
20020101,36,49,26,32,43,22,1,6,41,27,15,13,44,45,28,8,17,37,42,12,14,18,46,16,47,23,19,3,39,10,25,20,40,48,4,33,11,51,30,24,31,2,38,34,21,5,7,50,35,29,9,0
20020201,37,49,22,30,42,23,1,6,43,24,15,9,46,44,27,10,16,38,25,13,11,17,40,18,47,26,19,3,34,14,28,21,45,48,4,35,12,51,36,20,31,2,32,33,29,5,7,50,41,39,8,0
20020301,30,49,28,23,46,25,1,4,41,22,15,6,43,44,26,7,16,36,27,14,10,17,48,19,45,31,20,2,32,13,35,21,42,47,8,37,11,51,33,18,24,3,34,38,29,9,5,50,39,40,12,0
20020401,22,49,38,26,47,27,3,6,36,30,18,10,40,46,23,4,16,28,32,14,11,20,43,19,45,24,15,2,37,12,33,25,41,48,5,39,13,51,29,17,31,1,21,44,34,7,8,50,42,35,9,0
20020501,26,50,38,32,45,27,9,6,42,28,20,11,21,46,22,3,18,33,39,12,14,23,43,10,47,25,8,4,29,15,36,30,40,48,2,34,17,49,35,19,31,1,16,44,37,5,13,51,41,24,7,0
20020601,38,51,40,26,41,27,8,9,42,31,21,13,18,46,22,4,19,28,47,7,14,23,43,15,48,29,10,5,25,12,32,39,33,44,6,34,16,49,30,17,35,1,20,45,36,2,11,50,37,24,3,0
20020701,39,42,41,31,47,23,16,8,43,33,19,10,17,48,20,4,24,26,40,9,14,25,49,13,45,27,5,6,28,11,35,36,37,46,2,34,15,51,29,21,30,1,18,44,38,7,12,50,32,22,3,0
20020801,40,42,48,23,49,27,16,10,43,37,21,9,18,46,19,7,24,28,44,5,13,25,35,11,41,29,6,2,26,14,32,33,36,45,3,30,15,50,31,22,38,1,17,47,39,8,12,51,34,20,4,0
20020901,39,50,45,23,46,30,17,7,47,36,22,13,20,41,15,6,24,28,43,8,11,34,31,12,44,25,4,3,29,14,35,32,37,42,2,27,16,49,26,21,38,1,18,48,40,9,10,51,33,19,5,0
20021001,37,51,42,19,47,31,20,8,46,35,24,9,21,44,17,5,25,26,41,12,13,27,32,6,48,22,10,3,28,14,36,33,40,43,2,29,23,50,30,18,38,1,15,45,39,4,11,49,34,16,7,0
20021101,38,51,39,23,48,35,19,3,43,28,17,6,29,44,20,5,21,31,41,14,11,25,36,7,45,24,12,2,26,13,37,27,42,47,4,30,16,49,32,15,40,1,18,46,33,9,8,50,34,22,10,0
20021201,35,51,36,28,48,30,16,4,43,23,19,1,37,45,17,8,12,31,40,14,9,24,41,11,47,25,15,3,27,10,32,26,44,46,5,33,20,49,34,18,39,2,21,42,29,6,7,50,38,22,13,0
20010101,35,51,21,38,39,2,6,27,49,12,11,16,45,42,17,13,23,36,50,15,14,9,40,18,43,32,44,7,34,3,20,41,29,31,8,24,4,46,33,37,28,5,25,22,19,10,1,48,47,26,30,0
20010201,32,51,14,41,35,2,3,26,48,11,12,16,46,44,17,13,21,42,43,23,15,7,36,18,37,38,45,4,30,5,19,39,28,33,9,24,8,49,34,31,29,6,22,20,25,10,1,50,47,40,27,0
20010301,30,51,18,33,39,4,2,13,48,15,10,16,47,41,21,14,22,40,44,19,11,8,42,23,43,35,45,3,31,5,17,36,28,37,9,20,6,49,32,34,29,7,24,25,26,12,1,50,46,38,27,0
20010401,27,51,25,34,42,5,3,11,47,21,13,31,48,44,16,9,17,39,45,23,12,10,35,18,36,28,40,4,43,6,14,37,26,41,8,19,2,50,29,30,33,7,22,32,24,15,1,49,46,38,20,0
20010501,25,51,27,43,36,9,10,4,49,23,14,28,34,40,16,2,21,41,47,22,17,13,37,11,45,24,29,5,38,6,20,39,26,46,1,15,12,48,35,32,42,7,18,33,30,8,3,50,44,31,19,0
20010601,38,50,33,39,40,10,8,9,51,24,17,31,27,42,18,2,20,36,49,11,16,12,37,13,46,28,25,5,34,6,19,44,21,43,3,22,15,47,32,26,45,1,23,41,29,7,4,48,35,30,14,0
20010701,36,46,33,41,43,14,9,5,51,28,17,21,26,37,18,2,22,38,48,13,19,15,44,10,45,27,16,6,34,11,23,40,29,47,1,20,12,50,32,35,42,3,24,39,30,4,7,49,31,25,8,0
20010801,43,39,44,29,45,16,9,6,51,35,18,17,25,40,22,4,23,38,48,7,19,13,37,10,42,26,15,2,36,12,24,27,33,46,1,20,14,50,34,30,47,3,31,41,32,5,11,49,28,21,8,0
20010901,40,43,44,32,45,16,4,7,51,34,19,27,28,37,18,5,20,36,48,9,21,17,35,10,42,24,12,3,38,13,25,33,39,47,1,22,14,50,30,26,46,2,31,41,29,6,11,49,23,15,8,0
20011001,40,44,35,24,42,20,2,7,50,43,29,36,25,37,26,5,16,34,45,10,21,12,33,8,48,27,14,6,46,11,28,30,38,47,1,22,17,51,31,18,41,4,32,39,23,3,13,49,19,15,9,0
20011101,41,47,31,23,46,28,2,4,49,42,20,34,32,37,29,6,16,35,43,12,19,13,38,8,45,24,17,3,44,10,25,26,39,48,1,27,14,51,30,15,36,5,33,40,18,7,11,50,21,22,9,0
20011201,37,49,31,32,44,28,1,3,46,38,19,24,33,42,30,7,12,34,40,11,14,13,43,15,47,25,18,2,45,8,26,20,41,48,4,29,17,51,27,16,39,6,35,36,21,5,9,50,22,23,10,0
20000101,36,51,24,37,41,3,6,23,46,14,18,30,47,31,12,7,15,32,43,28,16,13,19,21,48,10,49,4,29,5,25,42,40,17,22,34,11,45,33,39,26,2,27,35,8,9,1,44,50,20,38,0
20000201,39,51,21,38,43,3,5,23,44,10,14,29,45,35,17,6,13,40,36,30,18,9,15,16,46,22,49,4,25,7,28,41,42,19,20,31,11,47,32,37,24,1,26,33,12,8,2,48,50,27,34,0
20000301,35,51,22,36,43,5,4,23,44,12,17,30,46,37,18,2,16,38,40,28,13,8,19,20,47,24,49,6,27,7,25,42,41,14,21,31,10,48,32,33,15,3,26,39,11,9,1,45,50,29,34,0
20000401,33,51,26,36,44,6,3,27,42,21,22,39,46,37,13,4,18,30,41,28,19,5,10,11,47,14,49,9,34,7,23,43,40,15,17,31,8,48,29,32,20,2,24,38,12,16,1,45,50,25,35,0
20000501,34,51,30,38,43,5,3,18,46,24,28,39,35,36,13,1,19,37,47,15,25,6,20,10,50,16,42,11,31,7,21,44,41,22,8,29,12,45,33,32,26,2,23,40,14,9,4,48,49,17,27,0
20000601,41,51,34,37,43,8,3,24,46,25,26,40,31,38,12,4,17,32,49,10,22,6,21,11,50,14,42,9,28,5,16,47,35,18,13,33,15,44,36,27,29,1,30,39,19,7,2,45,48,23,20,0
20000701,42,48,34,37,47,9,4,21,51,26,22,31,27,38,14,2,23,30,49,11,19,8,40,10,50,16,35,12,28,5,29,46,41,20,6,32,13,43,33,36,24,1,25,39,17,7,3,44,45,18,15,0
20000801,43,45,39,29,44,10,1,23,50,30,24,31,36,40,14,4,19,25,51,6,20,5,17,12,49,21,37,9,26,7,22,42,41,27,11,28,13,46,32,33,34,2,35,38,18,8,3,47,48,16,15,0
20000901,43,50,35,29,44,9,1,22,51,33,19,39,34,36,5,6,23,30,49,11,20,8,17,14,47,24,37,10,40,7,25,45,41,21,4,26,13,42,31,27,28,2,32,38,16,12,3,46,48,15,18,0
20001001,42,50,33,24,43,10,1,25,51,27,18,37,38,34,6,7,28,31,49,12,19,5,16,13,48,26,41,11,39,8,20,44,40,32,3,21,15,46,35,29,22,4,30,36,17,9,2,45,47,14,23,0
20001101,39,51,22,29,43,5,2,18,50,23,13,33,41,37,10,6,26,36,49,15,24,3,19,14,45,27,44,7,40,4,25,42,38,30,8,20,11,46,34,28,21,9,31,32,16,12,1,48,47,17,35,0
20001201,38,51,23,36,39,5,1,24,50,17,13,26,46,40,10,11,18,34,48,14,19,3,29,15,43,35,45,6,41,4,20,42,37,32,12,22,7,44,31,27,30,8,28,25,16,9,2,49,47,21,33,0
19990101,26,50,27,38,44,9,7,13,51,18,19,41,45,28,5,12,10,35,36,31,20,14,25,2,39,11,48,3,22,4,29,46,42,8,21,32,24,47,34,40,23,6,30,33,15,16,1,37,49,17,43,0
19990201,30,51,24,38,43,8,9,14,49,16,23,40,46,26,10,4,6,39,31,36,19,11,27,3,37,15,47,1,18,7,33,44,45,12,21,32,22,48,34,35,25,5,28,29,17,13,2,42,50,20,41,0
19990301,31,50,28,34,44,9,5,13,49,16,21,43,46,24,6,3,10,38,32,36,17,12,26,7,39,14,47,2,22,8,37,45,41,4,25,29,18,48,35,33,19,11,27,30,23,15,1,40,51,20,42,0
19990401,32,51,33,34,43,9,10,16,49,22,25,44,45,30,7,1,11,35,37,28,19,12,21,6,38,17,46,2,26,3,39,47,42,8,18,31,15,48,29,24,27,4,23,36,20,13,5,40,50,14,41,0
19990501,31,51,33,34,41,10,11,13,49,24,22,47,35,30,8,1,14,36,38,29,19,15,20,2,44,17,42,5,25,3,39,48,45,16,12,27,21,46,32,26,28,4,18,37,23,6,7,43,50,9,40,0
19990601,43,50,33,36,40,12,5,16,51,24,25,47,28,34,7,1,14,35,46,19,17,13,23,8,44,20,39,9,27,2,37,48,41,10,15,30,18,45,31,21,29,3,22,42,26,6,4,38,49,11,32,0
19990701,39,47,37,38,44,11,8,14,51,26,24,46,27,35,4,1,18,31,48,17,19,15,25,5,41,20,32,10,28,2,42,49,43,16,12,33,13,45,34,29,30,3,22,40,21,6,7,36,50,9,23,0
19990801,44,45,40,31,41,11,1,18,50,29,23,46,33,34,12,2,19,30,49,15,21,13,16,3,43,20,36,6,24,4,35,47,42,17,9,27,14,48,32,28,37,7,25,38,22,5,10,39,51,8,26,0
19990901,42,47,38,30,43,11,3,18,51,28,25,48,26,31,12,1,19,32,49,20,21,15,16,9,44,13,36,7,29,4,35,46,45,14,5,33,17,41,34,23,39,2,27,40,22,8,10,37,50,6,24,0
19991001,41,49,36,28,44,12,9,21,51,26,27,46,33,34,14,1,15,29,47,22,19,13,16,2,48,4,40,10,23,5,30,45,42,17,6,31,20,43,32,24,38,3,25,39,18,7,11,37,50,8,35,0
19991101,37,51,33,30,45,13,6,15,49,26,22,46,38,34,16,1,17,29,40,23,20,9,18,2,42,10,47,3,27,7,28,48,43,21,11,31,19,44,32,24,35,4,25,39,12,8,5,41,50,14,36,0
19991201,38,51,27,36,42,9,1,17,49,22,23,39,43,34,18,5,14,31,40,28,15,10,21,11,47,13,48,7,29,2,24,45,41,16,19,33,20,46,30,26,32,6,25,35,8,3,4,44,50,12,37,0
19980101,19,49,20,41,44,11,21,16,51,23,22,37,45,33,9,6,12,28,38,42,31,14,24,7,39,26,48,1,27,3,34,46,47,15,2,29,17,43,32,40,13,5,25,30,8,18,4,35,50,10,36,0
19980201,20,49,14,42,43,12,21,22,51,18,25,40,46,30,9,4,8,33,29,41,31,13,23,5,35,32,47,1,26,6,37,44,48,15,2,27,19,45,34,39,10,3,24,28,11,16,7,38,50,17,36,0
19980301,21,49,19,40,47,14,15,16,51,22,23,42,43,29,9,3,10,32,35,38,28,11,24,7,41,31,48,1,25,2,39,45,46,12,8,26,20,44,33,36,4,6,27,30,13,17,5,34,50,18,37,0
19980401,15,49,25,40,47,16,17,20,51,26,23,44,42,27,2,5,14,29,41,36,30,10,12,4,37,31,45,1,33,6,35,48,43,13,8,19,21,46,28,38,9,7,24,34,18,22,3,32,50,11,39,0
19980501,22,49,24,40,45,19,15,16,51,26,25,48,35,23,7,4,17,36,46,28,31,10,13,1,42,29,41,2,27,5,37,47,43,14,3,20,30,44,38,32,11,6,21,39,18,12,8,33,50,9,34,0
19980601,37,46,23,39,44,15,11,16,51,27,30,48,31,32,6,1,14,38,50,17,33,10,18,2,45,24,41,3,25,4,28,49,40,12,8,21,35,43,36,22,19,5,26,42,20,9,7,34,47,13,29,0
19980701,38,42,30,41,46,14,12,16,51,31,32,48,24,19,7,1,15,26,50,21,33,10,39,2,43,25,35,6,22,4,36,49,44,13,5,27,34,45,37,28,17,3,23,40,18,9,8,29,47,11,20,0
19980801,37,42,38,40,46,15,11,16,51,35,23,48,32,28,7,4,17,29,49,18,30,8,13,1,44,21,39,2,19,5,24,47,43,14,6,25,26,45,33,34,27,3,31,41,20,10,9,36,50,12,22,0
19980901,35,45,36,40,47,15,8,16,51,37,26,50,29,30,9,2,14,33,49,20,22,13,19,6,41,17,39,3,21,5,27,46,43,12,4,28,31,44,32,24,23,1,34,42,18,10,7,38,48,11,25,0
19981001,38,47,32,39,48,14,9,17,51,33,28,50,34,29,11,2,15,26,44,21,22,10,18,1,42,16,41,5,20,6,23,46,43,13,3,27,35,45,36,24,25,4,30,40,19,7,8,37,49,12,31,0
19981101,35,50,26,36,47,17,8,10,51,27,23,49,41,30,11,2,18,33,42,31,21,9,19,1,37,15,44,3,20,5,24,45,43,13,6,32,28,46,34,22,25,7,29,38,16,12,4,39,48,14,40,0
19981201,33,50,29,38,44,15,1,8,51,20,21,46,43,34,12,9,13,35,39,30,19,11,22,3,37,16,48,4,23,5,25,45,42,6,18,31,26,47,32,27,24,7,28,36,17,10,2,40,49,14,41,0
19970101,25,51,20,33,48,7,36,21,49,17,19,34,42,26,5,8,12,44,43,31,22,13,23,10,40,24,38,1,18,6,39,46,47,11,3,28,14,45,27,41,29,4,35,30,2,15,16,32,50,9,37,0
19970201,25,51,19,30,47,6,39,20,49,16,22,35,42,26,5,8,10,44,28,43,24,13,21,7,36,23,37,1,17,9,40,46,48,11,2,29,12,45,31,41,27,3,34,32,4,15,18,38,50,14,33,0
19970301,23,51,18,28,47,7,34,14,49,20,21,40,42,27,8,5,10,43,39,41,26,13,24,11,37,22,44,1,16,9,38,46,48,6,3,29,12,45,30,35,25,4,36,31,2,19,17,32,50,15,33,0
19970401,22,51,19,29,47,6,38,15,49,23,20,45,40,27,7,5,10,37,41,43,28,13,18,11,30,16,42,1,21,9,34,46,48,8,4,24,12,44,35,31,25,2,32,36,3,26,17,33,50,14,39,0
19970501,26,50,22,35,44,8,41,11,51,28,24,46,29,23,10,2,12,42,45,36,31,14,16,4,43,17,32,1,19,7,37,47,48,13,5,20,21,38,40,33,25,3,30,39,6,15,18,34,49,9,27,0
19970601,40,49,24,36,43,9,35,16,51,30,28,47,22,25,7,3,12,39,50,26,31,14,17,6,44,18,32,1,19,5,34,48,45,13,4,20,21,37,38,29,33,2,41,42,8,11,15,27,46,10,23,0
19970701,37,44,28,42,46,8,33,14,51,32,25,47,21,23,9,2,12,34,48,26,31,16,29,5,43,18,30,3,22,6,39,50,49,15,1,20,17,38,36,35,27,4,40,41,7,11,13,24,45,10,19,0
19970801,42,43,31,36,46,6,28,16,51,37,24,47,29,25,11,3,12,33,49,18,32,13,17,5,44,22,30,1,23,7,34,45,48,14,2,21,19,40,35,38,26,4,41,39,9,10,15,27,50,8,20,0
19970901,40,47,31,34,48,9,22,14,51,39,27,50,23,29,10,4,15,35,45,20,36,16,18,5,43,21,30,2,24,6,37,44,49,11,1,28,19,38,32,33,25,3,42,41,7,12,13,26,46,8,17,0
19971001,38,50,28,33,46,8,22,15,51,34,24,49,29,30,13,4,16,31,44,27,35,12,17,5,45,19,39,2,23,6,36,43,47,14,1,25,20,42,32,37,18,3,40,41,10,11,9,26,48,7,21,0
19971101,25,50,23,36,47,11,21,10,51,27,22,48,41,28,12,3,13,29,42,39,37,14,17,4,40,19,44,1,24,7,31,45,46,15,2,26,20,43,32,33,16,5,34,38,8,18,6,30,49,9,35,0
19971201,22,50,21,41,47,10,18,11,51,25,24,44,43,36,13,8,12,26,40,38,35,14,20,3,39,23,45,1,27,4,31,46,48,15,2,29,19,42,28,32,16,7,30,33,5,17,6,34,49,9,37,0
19960101,19,49,21,26,48,9,30,22,50,18,10,33,38,31,14,5,8,35,45,36,24,20,23,11,40,15,41,1,25,6,43,47,42,17,4,32,12,34,39,44,27,3,28,37,2,13,16,46,51,7,29,0
19960201,28,50,18,30,48,9,31,24,49,17,10,33,41,32,13,5,6,35,36,42,25,19,20,8,37,21,40,1,22,7,45,47,43,14,3,26,15,39,38,44,29,2,23,34,4,16,11,46,51,12,27,0
19960301,24,50,20,21,48,11,28,29,51,16,12,35,41,30,14,5,9,32,42,40,22,17,31,15,37,23,43,1,25,7,44,47,45,13,3,26,6,38,36,39,27,4,19,34,2,18,10,46,49,8,33,0
19960401,25,50,30,26,48,10,27,23,51,17,11,42,38,31,12,5,9,28,44,41,24,15,18,16,39,19,36,1,29,7,45,47,46,13,3,20,6,40,34,32,35,2,21,37,4,22,14,43,49,8,33,0
19960501,27,50,37,31,47,11,34,15,51,29,18,41,21,35,13,4,12,32,46,33,28,14,23,7,44,24,25,2,26,8,42,48,43,16,1,22,9,36,38,30,40,3,20,39,5,10,17,45,49,6,19,0
19960601,37,48,38,32,46,18,33,24,51,29,19,45,16,34,8,4,13,30,49,21,25,14,23,9,44,20,31,1,28,7,39,50,41,12,3,22,10,35,36,26,43,2,27,42,5,11,15,40,47,6,17,0
19960701,30,46,41,37,49,13,33,24,51,34,21,45,14,31,11,4,15,28,48,20,25,16,35,9,42,22,17,3,26,7,43,50,44,18,1,23,8,36,32,29,40,2,27,39,5,10,19,38,47,6,12,0
19960801,32,45,44,29,47,14,34,35,51,36,19,46,23,30,7,5,17,25,48,15,27,13,20,6,40,24,21,1,28,10,41,50,42,11,2,22,9,37,31,33,43,3,26,38,8,12,16,39,49,4,18,0
19960901,29,46,43,30,49,12,35,36,51,37,23,45,18,26,7,5,14,31,47,15,27,16,22,8,39,19,20,2,32,9,41,50,42,10,1,24,11,33,25,34,44,3,28,40,6,13,21,38,48,4,17,0
19961001,31,50,40,25,47,11,36,37,51,32,27,45,20,26,7,5,15,33,46,19,28,12,17,8,42,16,22,2,23,9,41,48,43,13,1,24,14,38,29,30,44,3,34,39,6,10,18,35,49,4,21,0
19961101,32,50,33,26,48,10,36,22,51,28,20,46,34,21,7,6,14,39,44,23,24,11,17,8,35,19,27,1,18,9,41,47,45,12,2,29,13,42,30,25,43,3,40,37,4,15,16,38,49,5,31,0
19961201,23,51,30,32,47,9,37,19,50,20,24,42,33,28,6,8,12,43,44,26,21,13,17,10,38,22,34,1,18,7,40,48,46,11,3,29,15,45,25,27,41,4,35,36,2,14,16,39,49,5,31,0
19950101,36,48,27,23,49,4,32,9,51,28,11,21,41,24,12,5,17,29,46,45,18,33,30,13,39,22,37,1,38,10,42,40,43,6,7,16,19,25,35,47,26,2,20,34,3,15,14,44,50,8,31,0
19950201,37,49,19,27,48,4,34,9,50,20,7,22,39,25,13,3,14,35,43,46,23,31,28,10,32,26,44,1,36,15,42,40,41,8,6,16,21,29,38,47,24,2,17,33,5,18,11,45,51,12,30,0
19950301,34,49,24,16,48,6,31,8,51,21,9,25,39,26,23,4,17,29,45,46,22,32,36,10,37,28,40,1,35,12,42,41,43,7,5,18,13,27,38,47,14,2,19,33,3,20,11,44,50,15,30,0
19950401,37,48,26,14,50,6,30,8,51,27,19,32,35,31,20,4,15,28,47,46,21,29,33,9,38,22,34,1,36,7,42,41,43,10,3,16,11,24,39,44,18,2,25,40,5,17,13,45,49,12,23,0
19950501,36,47,27,15,49,10,35,8,51,31,20,37,24,28,21,4,13,33,48,39,26,30,32,5,44,22,29,1,34,9,46,41,42,12,2,14,16,17,40,43,23,3,25,38,6,11,18,45,50,7,19,0
19950601,44,46,29,21,48,10,30,12,51,36,24,42,19,23,15,3,13,31,49,32,25,26,33,5,47,22,28,1,34,6,43,45,38,14,4,17,20,18,37,39,27,2,35,41,8,9,16,40,50,7,11,0
19950701,44,39,31,24,50,10,34,12,51,35,29,40,17,25,14,4,16,32,48,26,23,27,36,5,45,20,21,1,33,8,46,47,42,18,3,22,13,19,37,41,28,2,30,43,6,9,15,38,49,7,11,0
19950801,44,37,35,20,49,10,33,12,51,38,26,40,22,29,15,4,13,31,48,23,24,27,25,5,47,17,28,1,30,8,41,46,42,14,2,21,16,18,36,39,32,3,34,43,7,9,19,45,50,6,11,0
19950901,39,47,36,18,50,9,29,16,51,40,28,45,21,24,11,4,13,31,48,26,27,30,22,7,41,17,25,1,32,8,42,46,43,12,2,23,19,14,35,37,34,3,33,44,6,10,20,38,49,5,15,0
19951001,37,48,34,15,50,10,26,20,51,39,28,45,22,25,14,4,12,29,46,30,27,23,17,5,40,11,33,2,32,8,41,47,44,13,1,24,21,18,36,38,35,3,31,43,6,9,19,42,49,7,16,0
19951101,32,48,26,18,50,11,27,12,51,35,20,41,36,22,14,5,9,30,45,37,28,21,19,6,38,10,39,1,31,8,42,47,43,15,2,24,16,29,40,34,33,3,25,44,4,13,17,46,49,7,23,0
19951201,29,50,27,23,48,10,24,17,51,32,18,36,38,30,16,7,8,25,45,39,21,20,19,9,40,12,42,1,33,5,43,47,44,14,3,28,13,31,37,35,34,4,22,41,2,11,15,46,49,6,26,0
19940101,37,47,21,23,50,8,19,16,48,30,22,7,28,39,14,4,9,20,49,45,18,33,43,10,29,24,27,1,31,17,41,32,44,6,5,36,25,34,35,46,40,2,15,38,3,13,11,42,51,12,26,0
19940201,37,49,16,22,50,7,19,17,47,28,20,9,27,38,13,4,10,29,43,48,21,32,41,8,33,23,24,1,30,15,42,31,46,6,5,34,25,35,36,45,40,2,14,39,3,11,12,44,51,18,26,0
19940301,28,49,22,20,50,7,15,16,47,32,18,10,29,34,17,4,9,23,44,48,21,33,41,8,31,24,26,1,30,14,43,35,45,5,6,36,25,37,40,46,38,2,13,39,3,11,12,42,51,19,27,0
19940401,28,49,29,22,50,8,23,15,46,39,18,24,27,31,13,3,10,16,47,48,19,33,34,7,35,17,20,1,36,11,44,37,45,6,5,32,26,30,38,43,40,2,9,41,4,21,14,42,51,12,25,0
19940501,30,49,34,25,50,7,26,15,47,38,21,27,17,28,18,2,11,23,48,46,24,33,31,5,42,12,13,1,35,14,44,39,45,8,4,29,32,22,37,43,36,3,9,40,6,16,19,41,51,10,20,0
19940601,38,47,39,25,49,8,26,18,48,40,23,31,12,28,13,3,15,24,50,41,22,32,30,4,46,16,17,1,33,9,42,45,43,10,5,27,29,21,35,36,37,2,19,44,6,7,20,34,51,14,11,0
19940701,39,41,40,27,51,7,29,15,48,44,25,30,16,28,18,2,19,24,50,36,22,31,37,5,38,13,11,1,33,12,47,42,46,14,4,26,23,20,35,45,34,3,21,43,6,8,17,32,49,10,9,0
19940801,40,37,47,23,51,6,30,11,48,46,19,31,15,28,16,3,20,24,49,33,25,32,29,5,38,18,12,1,34,13,43,41,44,14,4,26,27,21,35,45,39,2,22,42,8,7,17,36,50,10,9,0
19940901,32,44,46,21,51,5,30,14,49,47,23,38,18,26,15,4,22,27,50,34,24,35,29,7,31,17,16,1,39,12,45,40,42,11,2,25,28,13,36,43,37,3,19,41,6,10,20,33,48,8,9,0
19941001,38,47,42,18,51,6,29,13,49,43,25,33,23,28,19,4,21,24,50,40,26,31,27,5,36,14,22,1,37,10,44,41,45,11,2,20,30,15,34,46,32,3,16,39,7,8,17,35,48,9,12,0
19941101,35,48,36,18,51,6,33,9,50,40,17,34,30,22,13,2,23,24,47,46,26,31,21,5,32,19,28,1,38,10,41,42,43,11,3,15,27,25,37,44,29,4,14,39,7,12,16,45,49,8,20,0
19941201,34,49,30,25,48,4,31,9,51,32,12,26,40,19,13,6,18,24,47,46,20,35,21,10,36,22,38,1,39,14,41,43,42,7,8,15,28,23,33,44,29,2,16,37,5,11,17,45,50,3,27,0
19930101,33,46,22,25,50,16,36,7,47,30,19,3,31,42,18,6,8,23,37,38,17,43,40,10,28,21,32,1,26,29,44,24,48,12,9,39,13,41,34,49,27,2,20,35,4,14,11,45,51,5,15,0
19930201,36,48,20,22,50,15,37,8,49,26,17,3,30,43,21,4,6,27,28,42,18,39,40,11,23,31,29,1,25,32,44,24,46,12,7,35,14,41,38,47,33,2,19,34,5,13,10,45,51,9,16,0
19930301,36,48,19,20,50,15,29,6,49,23,16,4,37,42,17,5,7,30,27,44,21,40,39,12,24,25,31,1,26,32,46,33,45,9,8,28,13,41,38,47,34,2,22,35,3,14,10,43,51,11,18,0
19930401,38,49,24,20,50,13,35,8,48,31,16,5,29,43,18,4,7,26,36,44,22,39,32,11,27,25,23,1,37,21,46,30,45,9,6,28,14,42,33,47,40,2,19,34,3,17,10,41,51,12,15,0
19930501,39,48,21,23,50,15,30,7,49,31,16,6,17,45,24,3,10,28,40,42,25,32,37,8,35,26,18,1,29,19,46,36,47,13,4,27,22,33,38,44,43,2,20,34,5,12,14,41,51,9,11,0
19930601,47,39,25,22,50,16,29,9,49,36,20,6,15,46,19,3,10,27,48,30,24,31,38,12,42,28,18,1,33,17,40,44,43,13,5,26,21,32,34,37,45,2,23,41,4,8,14,35,51,11,7,0
19930701,48,30,28,25,50,12,32,13,49,41,23,6,17,42,8,4,14,24,47,29,26,33,44,7,31,22,18,1,35,19,45,38,46,15,3,27,20,36,37,39,43,2,21,40,5,9,16,34,51,10,11,0
19930801,45,29,33,21,50,13,30,15,49,43,24,7,17,41,5,3,14,22,48,28,27,32,37,8,31,26,18,1,34,20,42,38,46,11,4,25,23,35,36,44,47,2,19,40,6,10,16,39,51,9,12,0
19930901,40,37,31,21,50,13,26,18,49,45,22,9,15,41,6,3,14,20,48,32,27,35,36,10,28,23,17,1,38,24,43,39,47,8,4,29,25,30,33,46,44,2,19,42,5,11,16,34,51,7,12,0
19931001,39,44,29,21,50,12,24,18,49,45,26,10,16,40,8,4,14,19,48,34,25,30,38,7,28,22,20,1,33,23,41,35,47,11,3,31,27,32,36,46,43,2,17,42,5,9,15,37,51,6,13,0
19931101,36,47,29,20,50,10,24,16,49,41,21,11,22,32,9,4,13,17,48,45,25,30,38,6,23,18,26,1,34,27,40,37,46,7,5,31,28,33,35,44,39,2,14,42,3,15,12,43,51,8,19,0
19931201,34,48,24,25,50,10,18,16,49,38,19,7,26,35,15,4,11,17,45,46,20,30,41,8,27,21,28,1,36,22,42,37,47,5,6,32,29,33,31,44,40,3,12,39,2,13,14,43,51,9,23,0
19920101,28,50,25,38,45,12,29,11,42,40,6,1,24,46,14,8,4,26,34,43,20,47,49,10,41,16,36,2,19,30,35,27,44,13,7,31,15,39,37,48,21,3,23,32,5,22,17,33,51,9,18,0
19920201,35,50,25,33,46,11,30,9,42,39,21,2,26,47,15,5,4,31,24,43,22,44,49,8,40,16,28,1,14,29,37,27,45,13,7,36,17,41,38,48,20,3,23,32,6,18,19,34,51,10,12,0
19920301,30,50,31,26,47,12,27,8,42,38,21,2,28,43,19,5,4,22,29,45,23,46,49,9,40,13,34,1,17,35,39,25,44,11,7,36,14,41,37,48,15,3,20,32,6,24,18,33,51,10,16,0
19920401,27,50,32,28,47,13,33,10,40,42,22,3,26,43,19,5,4,20,35,44,23,46,48,8,39,16,24,1,21,37,41,29,45,11,7,30,12,38,36,49,18,2,14,34,6,31,17,25,51,9,15,0
19920501,32,50,35,30,47,13,36,10,42,40,26,3,12,41,24,4,5,23,39,33,25,43,49,7,44,17,19,1,18,34,45,27,46,14,6,31,15,28,38,48,20,2,16,37,8,21,22,29,51,9,11,0
19920601,39,46,35,30,47,14,31,11,41,42,32,5,12,38,23,3,4,27,48,18,24,43,49,8,50,19,20,1,21,29,45,36,44,15,6,33,16,25,34,40,28,2,22,37,7,13,17,26,51,10,9,0
19920701,40,36,37,30,49,15,34,11,41,42,31,5,13,39,24,3,6,27,44,19,22,43,50,7,45,16,17,2,25,28,48,32,46,20,4,33,14,29,35,47,23,1,21,38,8,12,18,26,51,10,9,0
19920801,39,36,40,26,50,14,37,12,42,45,33,5,19,34,24,3,6,25,49,15,22,41,46,8,43,16,17,1,23,31,44,28,47,18,4,32,13,29,35,48,27,2,21,38,10,11,20,30,51,9,7,0
19920901,35,41,40,23,50,14,37,11,49,46,33,5,15,31,21,3,6,24,43,20,25,44,42,10,39,16,17,1,26,32,45,29,47,13,4,34,18,27,36,48,28,2,22,38,7,12,19,30,51,8,9,0
19921001,34,45,40,21,50,15,38,12,49,43,31,10,17,25,18,3,5,23,41,24,26,44,42,6,36,13,22,1,27,32,46,29,47,16,4,33,14,30,37,48,28,2,20,39,8,11,19,35,51,7,9,0
19921101,32,48,34,19,50,16,38,8,49,42,27,10,20,30,18,3,4,23,40,35,24,44,41,9,28,14,25,1,22,33,46,29,47,17,5,31,11,36,37,45,26,2,21,39,7,13,15,43,51,6,12,0
19921201,33,47,29,24,50,17,40,7,49,35,22,5,18,36,19,8,3,23,41,37,20,42,43,10,30,16,26,1,25,31,46,27,48,12,9,34,15,38,32,45,28,2,21,39,4,11,14,44,51,6,13,0
19910101,40,46,6,44,35,9,14,33,26,24,15,1,42,28,19,8,7,37,41,45,16,47,50,10,48,38,43,2,17,39,21,31,25,11,5,29,36,22,32,49,12,3,30,23,4,34,18,27,51,13,20,0
19910201,42,46,5,43,39,9,10,33,27,23,15,1,34,30,24,8,7,44,21,49,18,45,50,11,47,41,40,2,12,38,22,28,31,13,4,37,19,25,35,48,16,3,32,26,6,36,17,29,51,20,14,0
19910301,37,45,6,40,42,9,10,27,28,26,11,2,33,29,34,8,5,43,22,49,16,46,50,17,47,35,44,1,15,41,23,30,32,12,7,38,18,21,36,48,13,3,31,24,4,39,19,20,51,25,14,0
19910401,34,48,8,40,42,9,16,31,33,35,10,2,32,26,20,6,4,39,27,49,17,45,50,13,46,28,41,1,18,43,24,36,37,14,7,30,21,23,38,47,12,3,25,29,5,44,15,22,51,19,11,0
19910501,35,46,11,42,43,9,23,20,44,40,12,2,15,30,24,6,5,41,38,45,21,48,49,10,50,32,26,1,13,36,29,33,39,19,4,25,28,16,37,47,17,3,27,31,7,34,18,22,51,14,8,0
19910601,43,47,20,39,40,9,28,21,44,41,12,2,11,35,16,4,5,38,46,31,22,48,49,10,50,29,27,1,14,36,25,42,33,17,7,23,26,18,34,45,24,3,32,37,8,30,15,19,51,13,6,0
19910701,39,40,24,41,44,10,32,18,46,45,11,2,13,35,14,4,7,36,43,29,19,48,50,8,49,26,21,1,17,37,30,42,38,25,5,27,20,22,33,47,23,3,31,34,9,28,15,16,51,12,6,0
19910801,42,41,31,36,43,10,34,22,46,45,9,2,16,37,13,7,5,35,44,21,19,49,50,8,48,27,23,1,14,40,28,38,39,17,4,20,24,25,30,47,29,3,32,33,11,15,18,26,51,12,6,0
19910901,36,45,32,33,43,12,37,18,47,46,9,3,14,39,13,6,5,38,42,26,21,50,49,11,44,24,25,1,17,40,29,34,41,15,4,22,27,19,31,48,28,2,30,35,7,16,20,23,51,10,8,0
19911001,33,48,36,30,44,12,39,16,46,45,9,2,13,42,14,6,5,31,40,24,23,47,50,7,43,19,26,1,18,37,32,34,41,17,4,20,25,28,35,49,27,3,29,38,8,15,21,22,51,10,11,0
19911101,27,50,26,28,45,12,40,11,46,44,6,2,21,43,13,7,4,29,32,33,23,47,49,9,41,14,35,1,16,37,36,34,42,17,5,18,22,30,38,48,24,3,25,39,8,19,20,31,51,10,15,0
19911201,34,50,27,39,44,12,35,11,46,43,6,2,23,47,14,8,4,26,29,40,21,45,49,9,41,15,38,1,17,36,37,28,42,13,7,24,20,30,31,48,25,3,22,32,5,18,19,33,51,10,16,0
19900101,43,49,23,47,25,32,17,6,19,30,20,1,42,39,26,12,7,40,35,21,4,27,51,22,48,33,41,2,15,18,13,44,28,3,10,45,36,31,29,37,11,8,24,38,9,16,5,34,50,14,46,0
19900201,46,50,16,47,22,30,17,6,24,25,19,1,35,44,33,10,7,40,23,27,3,28,49,20,48,36,37,2,9,26,12,45,29,4,11,34,31,41,32,38,13,8,21,42,14,18,5,39,51,15,43,0
19900301,46,51,18,47,22,31,17,6,32,26,14,2,43,41,36,15,8,37,20,28,3,38,49,21,48,39,44,1,10,33,12,45,23,4,13,29,24,34,27,30,7,9,16,40,11,25,5,35,50,19,42,0
19900401,46,50,20,47,31,25,16,4,35,37,18,2,41,43,32,12,8,39,26,21,5,36,48,17,49,33,38,1,13,28,15,45,19,3,9,42,22,29,23,40,10,7,27,44,14,30,6,24,51,11,34,0
19900501,44,49,28,47,32,29,23,3,43,38,24,2,18,39,30,10,8,41,36,16,9,40,48,12,50,25,33,1,13,34,17,45,21,5,4,35,37,19,31,42,14,6,26,46,15,20,11,27,51,7,22,0
19900601,45,47,31,46,28,32,26,5,43,40,33,2,23,36,18,6,9,38,44,12,10,41,48,13,51,24,37,1,19,34,14,49,15,4,11,29,35,30,27,39,22,3,25,42,20,16,7,17,50,8,21,0
19900701,46,38,34,48,37,21,27,7,45,40,36,2,23,39,18,5,9,35,42,19,13,43,49,14,50,29,24,1,16,33,25,47,26,8,4,30,28,31,32,41,20,3,22,44,10,15,11,17,51,6,12,0
19900801,48,37,36,46,33,19,26,8,43,44,34,2,20,39,23,7,12,30,47,9,17,41,49,13,50,38,28,1,15,35,21,45,22,5,4,27,32,31,24,42,25,3,29,40,14,10,16,18,51,6,11,0
19900901,46,39,31,42,35,15,23,32,44,45,36,2,10,38,16,8,9,33,48,14,17,47,49,18,50,37,29,1,19,34,24,40,27,5,3,25,28,21,26,43,22,4,30,41,7,13,20,11,51,6,12,0
19901001,45,47,22,40,36,13,21,39,46,41,30,2,14,37,17,6,8,31,43,26,19,44,49,9,50,33,35,1,15,32,24,42,28,10,3,23,34,25,29,48,18,4,27,38,7,11,20,12,51,5,16,0
19901101,42,48,10,43,40,13,15,32,45,44,26,2,21,28,19,6,7,34,41,36,17,47,50,9,49,35,37,1,11,33,22,38,23,12,4,24,31,25,30,46,14,3,29,39,5,27,16,20,51,8,18,0
19901201,39,48,8,46,40,10,13,31,41,36,19,1,29,30,20,9,6,32,42,43,16,47,50,11,49,38,44,2,14,37,22,33,23,12,4,26,34,21,27,45,15,3,28,35,5,24,17,25,51,7,18,0
19890101,46,48,30,47,26,37,3,4,18,25,28,1,38,36,27,19,16,43,51,10,7,8,44,21,49,31,41,5,29,2,12,40,23,9,24,33,34,35,22,13,15,14,32,42,17,6,11,39,50,20,45,0
19890201,44,49,24,47,29,37,3,5,19,21,31,1,38,34,22,15,16,46,50,12,10,8,42,18,48,33,40,4,25,2,11,39,26,7,27,32,35,36,23,13,17,14,30,41,20,6,9,43,51,28,45,0
19890301,41,49,28,47,26,36,2,5,20,27,31,1,39,35,21,16,14,43,50,15,8,12,45,17,48,33,44,4,22,3,9,42,23,6,29,32,34,37,19,13,10,18,25,40,24,11,7,38,51,30,46,0
19890401,46,48,29,47,28,35,4,5,18,30,34,1,36,38,19,16,14,43,50,17,10,11,44,21,49,32,40,2,24,3,9,41,27,7,22,31,33,37,20,6,12,15,26,45,23,13,8,39,51,25,42,0
19890501,46,47,31,48,27,35,7,3,28,36,34,1,26,39,22,11,12,42,50,18,13,10,44,16,49,32,37,2,20,4,8,45,29,9,14,33,40,30,25,5,19,17,23,43,24,6,15,38,51,21,41,0
19890601,48,43,34,46,27,35,7,9,30,38,41,1,20,40,19,12,16,42,51,8,14,15,44,17,50,36,32,2,25,3,10,47,22,6,18,31,39,28,23,5,26,11,29,45,24,4,13,33,49,21,37,0
19890701,47,39,41,45,33,31,11,12,29,42,38,1,22,40,19,7,16,43,50,13,8,18,48,15,49,36,28,2,25,4,20,46,26,5,14,32,34,30,24,9,23,6,27,44,21,3,10,37,51,17,35,0
19890801,48,35,42,44,28,29,10,8,25,43,36,1,26,40,22,19,16,41,50,4,6,17,46,13,49,37,30,2,20,7,18,47,23,5,14,31,34,32,21,15,27,11,33,45,24,3,9,39,51,12,38,0
19890901,47,41,38,44,27,32,12,6,26,42,39,2,16,40,23,13,14,43,49,4,8,20,48,17,50,36,28,1,25,9,18,45,29,3,7,37,34,24,21,22,30,10,31,46,19,5,15,35,51,11,33,0
19891001,48,45,31,42,27,32,15,7,24,41,39,1,18,43,28,13,16,37,47,8,9,17,49,10,50,29,33,2,21,11,19,46,30,3,5,40,34,25,22,23,38,6,26,44,20,4,14,35,51,12,36,0
19891101,47,48,21,42,28,33,17,3,24,37,34,2,26,43,32,12,8,38,44,15,5,18,50,13,49,36,35,1,20,14,19,45,29,4,9,41,30,31,23,22,25,6,27,46,16,7,10,39,51,11,40,0
19891201,45,49,18,47,24,36,15,4,25,34,26,1,31,46,32,12,6,37,40,16,5,19,50,20,48,33,38,2,21,17,13,42,30,3,14,41,35,27,23,28,22,10,29,43,11,7,8,39,51,9,44,0
19880101,37,49,30,45,25,39,3,4,19,18,28,2,41,36,26,20,16,46,51,10,13,5,48,17,47,22,43,11,31,1,9,44,14,12,24,34,35,33,29,8,21,15,32,40,27,6,7,38,50,23,42,0
19880201,38,49,28,46,23,37,2,5,21,16,29,3,39,36,24,20,17,48,50,12,14,4,47,18,45,25,43,10,26,1,8,44,13,11,22,35,33,34,30,7,19,15,32,41,31,6,9,40,51,27,42,0
19880301,34,49,31,43,24,40,1,4,21,17,28,3,42,38,30,20,16,47,51,14,13,5,48,19,44,29,45,10,22,2,11,46,12,8,25,36,33,35,26,6,15,18,32,41,23,7,9,37,50,27,39,0
19880401,37,49,32,48,27,38,2,4,22,23,31,5,39,41,26,19,17,44,51,13,14,6,46,18,45,30,43,10,28,1,8,47,12,9,20,34,33,35,24,3,16,15,29,42,25,7,11,36,50,21,40,0
19880501,41,49,37,46,27,38,5,3,25,23,33,6,29,42,28,17,20,47,51,9,18,7,43,12,48,32,39,8,24,1,11,45,14,10,16,34,40,31,26,2,21,15,30,44,22,4,13,36,50,19,35,0
19880601,43,48,41,46,23,38,4,5,27,24,32,9,28,39,20,16,19,44,51,6,17,7,42,15,49,35,40,11,29,1,10,47,12,8,21,31,37,30,25,2,22,13,33,45,26,3,14,36,50,18,34,0
19880701,42,46,41,47,30,38,5,4,25,27,33,6,26,40,23,14,20,45,51,7,18,8,44,15,49,35,37,11,28,1,16,48,17,9,19,31,39,29,24,3,21,10,36,43,22,2,12,34,50,13,32,0
19880801,48,44,41,45,27,37,7,8,22,28,33,5,30,40,25,16,20,42,51,3,18,6,43,15,49,38,34,9,23,1,11,46,17,10,19,32,39,29,21,4,24,12,35,47,26,2,14,36,50,13,31,0
19880901,46,48,41,44,27,37,2,7,25,31,35,10,24,39,26,16,19,45,51,4,17,8,42,14,49,32,30,9,28,1,12,43,20,6,15,34,40,29,23,5,22,13,38,47,21,3,18,36,50,11,33,0
19881001,47,48,42,43,28,35,3,5,25,31,36,9,26,39,29,17,19,45,51,6,18,4,41,14,49,30,37,7,23,1,12,44,20,10,15,32,40,27,24,8,22,13,34,46,21,2,16,33,50,11,38,0
19881101,47,48,38,43,26,34,3,2,23,29,27,8,30,40,31,16,20,45,51,9,14,7,44,12,49,33,36,5,24,1,10,42,22,11,18,32,39,28,25,4,19,17,35,46,21,6,15,37,50,13,41,0
19881201,46,48,35,47,26,36,2,4,22,27,30,3,31,38,28,21,15,43,51,9,11,8,45,16,49,34,40,7,23,1,12,41,24,10,25,32,39,29,20,6,18,17,33,42,19,5,13,37,50,14,44,0
19870101,44,50,27,41,23,40,5,2,30,14,17,3,45,35,31,25,16,46,51,15,9,4,38,19,48,26,37,12,24,1,6,43,18,13,20,36,34,32,21,7,22,10,33,42,28,8,11,39,49,29,47,0
19870201,45,49,25,41,26,39,4,2,27,12,18,3,44,35,29,22,15,46,51,16,10,5,38,20,48,28,36,13,21,1,8,42,17,14,19,37,34,31,23,6,24,9,32,40,30,7,11,43,50,33,47,0
19870301,41,50,25,39,26,42,3,2,27,14,18,4,45,35,30,24,15,46,51,16,8,5,43,22,48,28,38,12,19,1,9,44,17,13,20,36,34,32,23,6,21,11,33,40,29,7,10,37,49,31,47,0
19870401,38,49,27,41,24,40,3,2,26,17,18,6,44,39,30,23,14,45,51,16,8,4,42,19,48,31,37,7,25,1,9,46,15,13,20,35,34,32,21,5,22,11,33,43,29,10,12,36,50,28,47,0
19870501,40,49,29,43,23,38,3,2,30,19,20,7,35,41,32,21,15,46,51,11,10,4,44,17,48,31,34,12,24,1,8,47,18,16,14,36,39,26,25,5,22,9,33,45,28,6,13,37,50,27,42,0
19870601,42,48,31,43,20,39,4,5,32,19,23,12,33,41,27,21,16,45,51,9,11,2,44,18,50,29,37,15,28,1,7,47,13,14,17,36,38,25,24,3,22,8,35,46,30,6,10,34,49,26,40,0
19870701,42,48,35,44,27,36,6,3,32,22,26,10,39,41,24,19,17,43,51,7,11,4,47,18,49,30,34,15,31,1,12,46,16,13,14,37,38,25,23,5,20,8,29,45,28,2,9,33,50,21,40,0
19870801,43,47,38,44,24,34,5,3,30,22,25,8,40,41,27,19,17,42,51,7,12,2,45,18,49,32,39,13,28,1,9,48,15,14,16,33,35,26,20,6,21,10,29,46,31,4,11,36,50,23,37,0
19870901,44,48,36,43,23,38,3,2,33,24,29,12,34,40,25,20,17,42,51,7,14,4,45,18,49,28,39,11,31,1,9,46,16,10,15,32,41,27,21,6,22,8,30,47,26,5,13,37,50,19,35,0
19871001,43,49,35,42,24,38,5,3,28,22,32,8,34,39,25,19,17,44,51,9,15,2,45,16,48,27,40,11,29,1,10,46,18,13,14,33,41,30,23,6,21,7,31,47,26,4,12,37,50,20,36,0
19871101,43,49,32,41,25,39,4,2,28,22,26,7,36,35,27,19,15,44,51,11,14,3,45,16,48,29,42,9,30,1,8,46,17,13,18,34,37,31,23,5,20,12,33,47,24,6,10,40,50,21,38,0
19871201,39,49,31,45,23,38,2,3,25,18,28,6,40,36,29,19,13,44,51,10,14,4,47,16,48,26,42,11,32,1,8,46,17,12,24,34,35,33,20,7,21,15,30,43,27,5,9,37,50,22,41,0
19860101,41,49,16,44,24,28,2,5,25,14,10,7,46,37,27,34,12,47,51,20,3,4,42,22,48,17,40,18,32,1,15,36,21,6,23,38,29,45,33,8,26,13,35,30,19,11,9,39,50,31,43,0
19860201,46,49,17,42,27,28,2,8,24,10,16,5,43,41,29,30,12,47,50,18,4,3,44,20,48,23,36,14,21,1,15,35,25,13,22,39,31,45,32,6,26,9,37,33,19,7,11,40,51,34,38,0
19860301,46,49,19,38,26,28,2,8,27,11,16,6,42,39,29,30,15,47,50,18,4,3,44,23,48,20,40,14,22,1,13,41,24,12,25,36,32,45,31,5,21,10,35,33,17,7,9,37,51,34,43,0
19860401,46,49,23,39,26,28,2,9,27,15,17,12,41,40,29,31,13,45,50,18,5,3,43,19,48,20,36,10,21,1,11,42,25,14,24,37,33,44,30,4,22,6,34,38,16,8,7,35,51,32,47,0
19860501,47,48,24,39,25,28,3,8,34,19,21,10,35,40,30,26,15,44,51,13,6,4,45,12,49,23,33,9,18,1,14,46,27,16,20,37,41,38,31,2,22,7,32,42,17,5,11,36,50,29,43,0
19860601,46,48,31,41,25,30,3,10,36,17,22,14,33,40,26,23,15,44,51,8,7,4,43,16,50,24,32,9,19,1,11,47,20,13,18,38,42,35,28,2,27,6,37,45,21,5,12,34,49,29,39,0
19860701,46,47,32,42,29,30,6,8,37,21,26,11,33,39,19,20,15,43,51,12,7,4,44,13,50,22,31,9,23,1,14,48,25,16,17,38,40,35,28,3,24,5,36,45,18,2,10,34,49,27,41,0
19860801,46,48,34,40,27,30,3,6,36,21,19,11,42,37,23,28,16,43,51,8,9,5,41,13,50,24,31,10,18,1,12,47,20,15,17,38,44,33,25,4,22,7,32,45,29,2,14,35,49,26,39,0
19860901,47,48,32,39,29,33,2,3,38,23,21,12,36,37,28,22,15,44,51,9,11,4,43,16,50,24,31,8,19,1,10,45,18,14,13,40,42,30,26,5,27,7,35,46,20,6,17,34,49,25,41,0
19861001,47,48,32,38,29,39,2,3,36,22,24,8,33,34,28,20,16,44,51,11,14,4,41,12,50,21,31,10,18,1,9,46,19,17,13,40,42,30,25,6,26,7,37,45,27,5,15,35,49,23,43,0
19861101,47,48,31,37,28,39,4,2,33,21,20,7,40,32,29,22,14,45,51,15,11,3,41,12,49,23,34,10,19,1,8,43,18,17,16,35,38,30,24,5,25,9,36,44,26,6,13,42,50,27,46,0
19861201,45,50,30,41,25,40,4,2,32,17,18,5,42,34,31,28,12,46,51,15,9,3,36,16,48,20,38,13,23,1,8,44,19,14,22,35,37,29,21,6,24,10,33,43,26,7,11,39,49,27,47,0
19850101,46,45,12,41,29,16,4,13,31,14,17,7,38,42,39,33,5,40,50,19,3,1,49,22,47,25,35,8,36,2,11,32,27,23,18,43,28,48,37,15,24,6,34,20,21,9,10,44,51,30,26,0
19850201,45,49,5,41,28,18,6,14,33,10,17,3,37,40,39,34,7,43,50,23,4,1,47,16,46,27,35,9,30,2,15,31,24,21,19,42,29,48,38,13,22,8,36,20,25,12,11,44,51,32,26,0
19850301,45,49,10,39,29,19,5,14,35,11,17,4,40,41,37,31,6,43,50,23,2,1,48,20,46,26,38,7,30,3,18,33,25,15,24,42,27,47,36,8,16,12,32,21,22,13,9,44,51,34,28,0
19850401,42,49,14,41,29,17,5,13,36,15,23,9,40,45,33,31,6,43,50,19,3,1,48,22,47,26,34,7,32,2,16,37,25,11,18,44,27,46,35,4,20,8,38,24,21,12,10,39,51,30,28,0
19850501,40,47,21,41,28,16,8,10,42,20,24,11,30,46,36,31,5,45,50,14,4,2,49,13,48,23,32,9,34,1,17,38,25,18,12,43,33,44,37,3,22,7,35,26,19,6,15,39,51,29,27,0
19850601,46,47,25,42,26,17,9,11,40,19,30,18,24,45,34,27,8,43,50,7,6,2,48,15,49,23,31,10,35,1,12,44,21,16,13,41,29,39,37,3,32,5,38,33,20,4,14,36,51,28,22,0
19850701,44,41,28,45,33,14,9,12,40,22,29,13,30,46,31,26,7,47,50,8,6,2,48,15,49,20,24,10,36,1,16,42,23,17,11,43,27,39,37,4,32,5,38,34,18,3,19,35,51,25,21,0
19850801,46,40,29,43,30,18,8,11,41,22,24,15,32,47,31,28,12,45,50,4,6,2,48,16,49,23,27,9,34,1,10,42,20,13,14,44,26,39,36,3,35,7,38,33,19,5,17,37,51,25,21,0
19850901,44,43,26,40,28,17,4,9,41,22,24,18,31,45,29,32,11,47,50,8,5,2,48,19,49,20,27,12,36,1,14,42,23,10,13,46,30,37,38,3,33,6,39,34,15,7,16,35,51,25,21,0
19851001,43,44,26,41,27,19,3,7,40,21,22,16,30,46,31,28,13,47,50,9,8,2,48,18,49,20,32,11,33,1,15,42,23,10,12,45,34,38,39,6,29,5,36,35,17,4,14,37,51,25,24,0
19851101,43,49,21,41,25,23,4,3,34,20,15,16,38,44,28,29,11,47,50,13,6,2,46,18,48,22,36,9,30,1,14,39,24,10,17,45,31,42,35,5,26,8,37,32,19,7,12,40,51,27,33,0
19851201,46,49,20,45,25,24,3,4,26,14,16,8,41,42,30,34,11,47,51,15,6,2,43,22,48,19,39,18,31,1,13,37,23,9,21,44,33,40,32,5,27,10,36,29,17,7,12,38,50,28,35,0
19840101,49,48,8,36,30,11,3,17,43,15,13,4,34,38,39,25,5,42,40,26,9,12,50,23,44,33,35,7,31,1,18,29,27,19,10,45,24,46,41,22,28,2,37,16,20,14,6,47,51,32,21,0
19840201,49,48,3,38,31,10,4,17,42,14,13,7,32,40,39,26,5,44,36,29,9,11,50,24,45,34,33,6,30,1,18,27,28,19,12,43,21,46,41,22,23,2,37,16,25,15,8,47,51,35,20,0
19840301,49,48,5,36,31,11,2,17,40,14,12,9,33,41,39,26,7,43,38,27,8,10,50,25,45,32,35,3,30,1,21,29,28,18,13,46,22,47,42,20,19,4,37,15,23,16,6,44,51,34,24,0
19840401,48,49,4,36,33,9,2,16,39,17,14,12,32,41,37,28,8,44,42,23,10,7,50,24,46,31,34,6,30,1,19,29,27,20,11,45,25,47,40,13,22,3,38,18,21,15,5,43,51,35,26,0
19840501,47,48,4,38,34,10,5,17,41,19,15,14,24,39,37,27,7,45,46,22,13,6,50,18,49,28,32,1,31,2,21,33,29,25,8,44,30,43,40,11,23,3,36,16,20,12,9,42,51,35,26,0
19840601,49,46,10,40,31,12,4,27,44,19,20,21,22,37,33,24,7,45,47,15,13,5,48,18,50,25,34,3,35,2,16,36,28,26,11,43,30,41,42,8,29,1,38,17,23,6,9,39,51,32,14,0
19840701,50,38,12,42,34,11,7,25,43,26,24,15,22,39,33,19,5,46,47,17,14,6,49,16,48,23,31,4,35,2,21,36,32,29,8,44,28,40,45,9,27,1,41,20,18,3,10,37,51,30,13,0
19840801,49,37,15,38,33,9,7,21,43,25,20,16,26,41,34,23,10,44,47,12,14,5,48,17,50,28,29,1,35,3,18,36,32,27,8,46,30,39,45,6,31,2,40,19,22,4,11,42,51,24,13,0
19840901,49,43,13,36,33,11,4,22,46,29,21,20,25,41,34,27,8,42,47,12,14,6,48,16,50,23,26,1,38,2,17,37,31,28,7,45,32,39,44,9,30,3,35,19,18,5,10,40,51,24,15,0
19841001,48,44,15,36,33,12,6,20,42,25,22,18,26,43,38,27,8,39,49,11,13,1,50,14,47,21,28,2,34,3,16,35,30,29,7,46,32,45,41,9,31,4,37,19,23,5,10,40,51,24,17,0
19841101,48,46,9,37,32,14,4,15,40,23,17,19,33,38,41,30,6,39,49,18,10,1,50,13,47,24,31,2,34,3,16,35,26,27,11,43,29,45,42,7,28,5,36,20,21,8,12,44,51,25,22,0
19841201,48,45,12,40,30,15,4,11,37,18,19,13,33,42,41,32,5,39,49,16,9,1,50,22,46,28,31,3,36,2,14,35,25,23,17,43,29,47,38,8,26,6,34,20,21,7,10,44,51,27,24,0
19830101,49,34,33,31,32,16,7,12,30,17,13,1,36,46,44,25,4,39,37,19,10,8,50,20,40,28,22,5,35,6,18,27,21,26,3,48,15,43,45,29,38,2,47,14,24,9,11,42,51,41,23,0
19830201,49,37,29,30,35,15,6,12,31,16,13,1,33,47,44,20,3,42,36,24,11,8,50,18,40,34,23,4,32,7,19,28,21,27,5,48,17,39,45,26,38,2,46,14,25,10,9,41,51,43,22,0
19830301,49,37,27,29,32,15,5,13,35,16,12,1,36,47,42,19,4,40,38,22,11,9,50,20,44,33,24,3,31,6,18,30,21,25,7,48,17,39,46,23,34,2,43,14,26,10,8,41,51,45,28,0
19830401,49,33,25,30,34,15,6,13,37,18,12,5,28,47,41,23,3,42,43,24,10,9,50,19,46,35,21,4,31,2,17,29,22,26,7,48,16,38,45,20,32,1,44,14,27,11,8,40,51,39,36,0
19830501,49,33,28,34,31,12,6,13,40,22,14,7,17,46,41,18,5,43,45,23,11,9,50,15,47,36,21,4,30,3,19,32,24,29,2,48,25,38,44,20,35,1,42,16,27,10,8,39,51,37,26,0
19831101,50,38,11,34,35,8,5,15,48,24,16,12,28,37,44,20,6,42,43,23,13,10,49,18,45,36,30,1,29,2,19,31,25,27,4,47,26,39,40,17,32,3,41,21,22,9,7,46,51,33,14,0
19831201,49,45,10,36,32,11,3,15,48,20,16,9,29,41,42,24,4,38,39,25,13,12,50,22,43,35,33,5,30,1,18,28,26,23,7,47,27,44,37,14,31,2,40,17,21,8,6,46,51,34,19,0
19820101,50,43,19,41,29,9,11,30,33,15,17,7,44,35,47,24,3,38,37,25,22,20,51,13,34,27,26,4,31,10,28,18,21,23,8,46,1,48,40,36,39,5,42,6,16,12,14,49,45,32,2,0
19820201,50,42,17,38,29,9,10,26,33,14,15,8,43,36,46,22,3,40,30,27,23,19,51,12,34,32,28,5,24,11,31,18,20,25,6,47,2,48,41,35,39,4,44,7,21,13,16,49,45,37,1,0
19820301,49,42,22,34,30,10,9,23,36,14,12,8,43,38,46,24,3,39,31,29,21,18,51,16,33,25,32,4,28,11,27,19,20,26,7,47,1,50,40,37,35,5,44,6,17,13,15,48,45,41,2,0
19820401,50,36,26,33,31,9,10,22,35,17,13,8,41,40,46,27,4,42,30,29,20,14,51,15,37,23,28,2,32,11,25,21,19,24,5,48,1,47,38,34,39,3,44,7,16,18,12,45,49,43,6,0
19820501,50,36,29,34,30,9,10,19,38,18,16,8,32,41,46,20,6,40,35,25,23,17,51,13,42,24,21,4,31,11,26,28,22,27,3,48,1,45,39,33,43,2,44,7,15,12,14,47,49,37,5,0
19820601,50,32,36,33,30,13,9,25,39,22,18,10,26,43,42,23,6,37,41,14,20,15,51,16,48,27,24,5,31,8,21,34,19,28,2,47,3,40,38,29,44,1,45,11,17,7,12,46,49,35,4,0
19820701,50,24,40,31,34,11,10,21,38,26,16,7,25,47,43,18,6,39,36,22,19,17,51,15,46,27,14,3,32,9,28,33,23,30,2,48,4,37,41,29,42,1,45,13,20,8,12,44,49,35,5,0
19820801,51,22,41,31,34,10,7,24,36,25,13,5,28,46,42,20,11,35,38,12,18,16,50,19,47,29,17,3,33,9,21,32,23,27,1,48,4,39,40,30,45,2,43,14,26,8,15,44,49,37,6,0
19820901,50,25,43,29,33,14,8,19,39,28,17,5,26,47,44,20,10,36,37,11,18,15,51,21,46,30,16,2,35,6,22,31,24,27,1,48,9,38,42,32,40,3,45,12,23,7,13,41,49,34,4,0
19821001,49,25,41,26,35,15,7,16,37,28,20,4,27,47,46,21,8,38,36,14,18,10,50,19,40,29,17,3,33,6,22,31,24,30,1,48,11,39,44,32,42,2,45,12,23,5,13,43,51,34,9,0
19821101,49,29,38,26,36,16,7,10,35,25,17,4,30,45,47,18,6,40,34,19,15,9,50,20,39,32,21,1,33,5,22,28,24,31,2,48,12,42,43,27,41,3,46,14,23,8,11,44,51,37,13,0
19821201,49,30,37,29,34,15,6,9,32,23,18,2,31,46,45,24,7,41,36,16,11,10,50,20,38,33,21,3,35,5,19,26,25,27,4,48,14,40,43,28,42,1,47,12,22,8,13,44,51,39,17,0
19810101,45,49,12,40,25,18,13,29,36,15,9,4,38,41,47,20,3,42,34,39,22,14,51,17,32,33,23,2,27,6,30,26,31,19,10,48,1,46,35,28,24,11,43,7,21,16,8,44,50,37,5,0
19810201,46,49,8,42,24,17,16,34,35,9,18,4,33,40,47,19,3,41,25,38,21,13,51,14,30,36,26,2,27,7,29,23,32,20,11,44,1,48,37,31,28,10,43,6,22,15,12,45,50,39,5,0
19810301,45,48,8,40,25,17,11,30,39,12,14,4,36,41,47,19,3,38,28,37,22,15,51,18,33,29,24,2,23,7,31,27,32,20,13,43,1,49,35,34,26,9,42,5,21,16,10,46,50,44,6,0
19810401,46,47,10,43,27,12,18,32,41,13,14,9,36,42,48,19,3,39,34,35,22,16,50,15,33,28,23,2,24,6,30,26,31,17,7,44,1,49,37,29,25,8,40,5,21,20,11,45,51,38,4,0
19810501,48,45,10,41,25,12,21,30,44,18,19,11,24,39,49,15,2,42,37,31,26,16,50,8,38,27,22,3,23,6,33,28,34,20,5,43,1,46,36,29,32,7,40,9,17,13,14,47,51,35,4,0
19810601,50,44,14,42,25,12,18,32,43,21,22,10,23,38,46,15,4,36,47,26,30,16,51,9,48,28,19,3,24,6,29,34,31,17,7,39,1,45,37,27,35,5,40,11,20,8,13,41,49,33,2,0
19810701,50,39,21,46,28,9,17,33,48,24,18,11,25,38,47,15,3,36,41,19,26,23,51,8,42,22,16,4,27,7,32,34,30,12,6,43,1,45,37,29,35,5,40,13,20,10,14,44,49,31,2,0
19810801,50,37,21,41,29,7,17,35,45,24,15,11,26,38,46,19,4,36,42,16,30,20,51,8,43,31,18,3,22,9,25,27,28,10,5,44,1,47,34,33,39,6,40,13,23,12,14,48,49,32,2,0
19810901,50,40,21,37,29,9,13,33,46,30,18,14,26,36,47,19,4,34,38,20,31,23,51,11,44,32,17,5,28,7,22,24,27,8,3,48,2,43,39,35,41,6,42,10,16,12,15,45,49,25,1,0
19811001,50,42,19,35,29,9,13,33,43,28,22,12,27,36,49,15,6,37,38,17,30,16,51,11,39,31,20,4,24,7,21,23,25,26,2,48,3,47,40,34,41,5,44,8,18,10,14,46,45,32,1,0
19811101,50,42,14,36,30,8,13,27,40,23,17,10,37,35,48,19,4,43,38,26,28,18,51,11,34,31,21,5,24,9,22,20,25,32,3,47,2,46,39,33,41,6,44,7,16,12,15,49,45,29,1,0
19811201,50,43,18,37,29,11,12,25,38,20,17,8,40,35,49,23,3,41,36,21,27,19,51,14,31,34,24,4,30,9,22,16,26,28,6,46,2,47,39,33,42,5,44,7,13,10,15,48,45,32,1,0
19800101,39,50,22,33,29,11,16,40,26,17,13,7,46,35,48,12,3,30,38,45,25,20,51,23,27,28,31,1,21,4,34,37,41,14,10,36,2,44,42,43,18,6,32,8,15,24,9,47,49,19,5,0
19800201,39,50,18,36,27,12,16,38,28,10,13,6,46,37,48,14,3,40,29,44,23,17,51,19,22,35,30,1,15,5,33,32,41,20,11,34,2,42,43,45,21,7,31,8,24,25,9,47,49,26,4,0
19800301,41,50,25,29,27,15,11,38,30,9,16,6,47,39,48,17,3,37,26,44,23,19,51,20,22,31,35,2,13,5,33,36,40,18,14,34,1,45,42,43,12,10,28,7,21,24,8,46,49,32,4,0
19800401,41,50,21,34,30,12,11,38,24,13,20,6,45,40,48,17,4,37,25,46,26,14,51,22,28,23,29,3,15,5,31,32,39,19,10,43,1,47,42,35,16,7,33,8,18,27,9,44,49,36,2,0
19800501,45,49,22,38,23,15,16,29,30,18,28,7,36,43,50,19,4,40,25,41,24,17,51,10,34,31,12,3,13,5,37,35,39,26,6,46,2,48,42,27,20,8,32,9,14,21,11,44,47,33,1,0
19800601,48,49,32,38,22,17,10,34,28,16,35,8,29,43,50,18,5,40,31,25,23,11,51,14,44,33,12,2,20,3,26,41,30,24,6,46,7,45,42,21,36,4,37,13,19,15,9,39,47,27,1,0
19800701,49,43,30,42,27,14,15,35,28,19,33,7,25,44,50,16,4,40,20,26,22,13,51,12,36,29,10,2,21,5,37,41,31,32,6,48,8,46,45,23,34,3,38,11,17,18,9,39,47,24,1,0
19800801,49,41,33,35,26,14,15,42,30,18,23,5,28,46,50,20,6,43,21,24,19,11,51,13,36,39,12,2,17,3,31,34,29,25,7,47,8,45,44,27,32,4,40,9,22,16,10,37,48,38,1,0
19800901,48,46,27,35,25,15,14,40,43,26,18,12,24,44,49,19,3,45,22,29,21,11,51,13,39,30,10,2,23,5,28,41,32,16,4,47,8,38,42,33,31,6,34,7,17,20,9,36,50,37,1,0
19801001,50,47,25,32,26,16,14,36,43,24,19,12,20,45,48,17,5,44,27,28,23,10,51,11,37,29,13,1,18,4,30,39,33,21,3,46,9,41,42,31,34,6,40,8,22,15,7,35,49,38,2,0
19801101,49,48,14,34,27,15,16,29,43,21,13,10,30,45,47,17,3,44,25,35,24,11,51,12,37,32,18,1,19,4,31,38,33,22,5,46,6,41,39,26,28,7,40,9,23,20,8,42,50,36,2,0
19801201,47,49,13,40,24,18,16,29,41,19,9,7,34,43,48,21,3,42,30,37,22,10,51,15,35,32,23,1,26,5,27,33,31,17,11,44,2,45,36,28,25,12,39,6,20,14,8,46,50,38,4,0
19790101,32,51,25,45,37,15,21,48,49,33,16,31,46,19,20,11,1,22,28,41,27,34,42,10,23,9,35,2,24,4,38,36,44,12,13,29,5,50,39,43,17,6,26,8,7,30,18,47,40,14,3,0
19790201,38,51,14,37,36,16,23,48,46,25,19,26,42,28,31,9,3,30,22,47,34,32,43,7,20,11,29,2,12,4,40,35,44,13,15,33,6,49,41,39,18,5,24,8,10,27,21,50,45,17,1,0
19790301,38,51,19,36,37,22,20,47,46,27,17,28,42,24,32,9,3,25,29,48,31,33,49,10,18,11,34,1,12,5,44,35,43,14,15,30,4,50,41,39,13,8,23,6,7,26,16,45,40,21,2,0
19790401,41,51,13,35,37,14,22,48,46,25,19,38,39,24,31,10,4,21,32,49,29,26,50,11,23,8,27,3,16,5,42,33,45,12,18,30,2,47,40,36,17,6,28,7,9,34,15,43,44,20,1,0
19790501,44,51,11,37,31,17,27,45,50,30,18,40,23,22,34,9,3,25,38,48,32,29,49,7,26,10,19,4,16,2,46,35,47,20,12,28,5,41,39,36,14,6,33,13,8,24,21,42,43,15,1,0
19790601,50,51,22,37,31,16,20,44,46,32,26,43,10,23,33,8,5,27,49,35,28,24,48,9,47,13,17,4,25,2,40,45,41,18,7,29,6,36,42,30,21,3,38,19,12,11,15,34,39,14,1,0
19790701,49,50,23,40,36,11,21,45,44,37,24,33,18,22,38,8,7,27,48,39,28,25,51,9,29,12,16,5,26,3,46,43,47,19,6,31,4,34,42,35,13,2,32,20,10,17,14,30,41,15,1,0
19790801,50,47,22,33,37,11,19,45,41,38,23,28,20,21,44,8,7,27,49,29,30,24,51,9,34,26,12,2,17,4,46,39,48,13,6,31,5,40,43,32,25,3,35,14,15,18,16,36,42,10,1,0
19790901,47,51,23,28,34,14,17,48,41,39,18,33,19,24,43,9,6,26,46,35,29,27,50,11,38,21,12,2,22,3,45,40,49,15,4,31,7,30,44,37,25,5,32,13,10,20,16,36,42,8,1,0
19791001,49,51,23,24,36,12,21,47,41,37,25,35,17,29,46,8,6,27,43,38,30,22,50,10,31,18,16,4,19,5,42,39,48,20,3,33,7,32,44,40,26,2,28,11,13,14,15,34,45,9,1,0
19791101,46,51,15,25,35,16,19,43,40,27,13,39,28,32,47,8,3,26,42,44,29,20,50,9,30,23,21,1,17,4,41,37,48,18,7,31,5,34,45,36,22,6,33,10,14,24,11,38,49,12,2,0
19791201,44,51,14,32,33,13,15,42,34,24,17,20,38,35,49,18,1,28,39,45,25,22,50,19,26,29,27,2,11,3,37,40,47,16,8,31,4,36,43,41,23,6,30,7,12,21,9,46,48,10,5,0
19780101,27,51,30,28,41,31,22,45,49,35,12,36,32,29,18,6,1,17,47,43,15,37,38,9,33,19,39,4,20,8,44,25,50,14,10,23,5,26,42,48,24,2,21,11,7,34,16,46,40,13,3,0
19780201,31,51,33,36,41,25,15,48,50,27,13,35,28,29,24,5,3,22,38,42,21,37,39,6,30,26,40,4,8,9,43,16,49,7,12,23,14,34,44,47,19,1,17,10,11,32,18,45,46,20,2,0
19780301,23,51,24,27,46,35,14,47,50,30,15,37,32,31,28,8,2,17,38,40,22,36,39,9,33,21,41,4,5,11,42,18,49,7,13,26,6,34,43,44,16,3,25,12,10,29,19,45,48,20,1,0
19780401,24,51,26,27,47,31,16,48,50,34,17,40,30,32,28,8,2,13,41,42,19,35,45,11,43,15,37,4,7,9,46,21,49,10,14,22,5,33,44,38,23,3,25,12,6,36,18,39,29,20,1,0
19780501,24,51,27,34,44,25,18,45,50,38,26,47,15,35,30,7,1,17,43,39,20,36,41,6,46,12,28,2,8,10,48,33,49,13,11,19,9,31,40,37,29,3,21,14,5,32,22,42,23,16,4,0
19780601,39,51,36,32,43,29,15,46,49,40,34,47,11,30,24,6,4,16,48,26,20,33,42,9,50,13,27,2,12,7,44,41,45,14,10,21,5,25,38,28,37,3,31,22,8,18,23,35,19,17,1,0
19780701,37,51,36,39,45,20,21,44,50,42,38,43,11,30,25,7,5,23,41,27,26,35,46,8,47,13,14,3,12,9,48,33,49,15,10,24,4,28,40,29,34,2,31,22,6,16,18,32,19,17,1,0
19780801,41,51,35,36,44,15,21,48,50,42,37,45,22,29,25,7,5,18,40,26,24,31,46,6,47,16,13,2,11,8,43,32,49,12,10,19,3,27,38,33,30,4,34,17,9,20,23,39,28,14,1,0
19780901,41,51,36,30,42,18,19,46,50,47,32,48,16,27,22,8,3,20,38,26,23,33,40,10,45,13,14,1,15,9,44,31,49,11,7,24,5,28,43,37,29,2,34,17,6,21,25,39,35,12,4,0
19781001,42,51,38,30,43,16,20,47,50,46,31,48,18,26,24,9,4,19,34,32,27,25,39,6,40,11,17,2,13,5,44,35,49,12,7,23,8,36,45,41,28,1,33,15,10,21,22,37,29,14,3,0
19781101,40,51,21,33,45,15,19,41,50,46,26,48,27,24,25,9,2,17,31,38,28,32,47,6,37,11,18,1,12,5,43,36,49,13,10,22,7,39,44,34,23,3,29,16,8,30,20,42,35,14,4,0
19781201,43,51,21,39,41,15,16,44,50,38,25,34,36,27,26,10,1,17,28,42,30,31,47,8,35,11,22,2,13,3,46,32,48,12,14,23,7,40,45,33,24,5,29,9,6,18,19,49,37,20,4,0
